Channel Number,Channel Name,Channel Type,Rx Frequency,Tx Frequency,Bandwidth (kHz),Colour Code,Timeslot,Contact,TG List,DMR ID,TS1_TA_Tx,TS2_TA_Tx ID,RX Tone,TX Tone,Squelch,Power,Rx Only,Zone Skip,All Skip,TOT,VOX,No Beep,No Eco,APRS,Latitude,Longitude,Use Location
1,Arlanda U,Digital,	434.91250,	432.91250,,0,2,None,Default,None,Text,Text,,,,Master,No,No,No,120,Off,No,No,None,59.6193,17.9865,Yes
2,Botkyrka 2 U,Digital,	434.87500,	432.87500,,0,2,None,Default,None,Text,Text,,,,Master,No,No,No,120,Off,No,No,None,59.2507,17.879,Yes
3,Brottby 2 U,Analogue,	434.80000,	432.80000,12.5,,,,,,,,77.0,77.0,Disabled,Master,No,No,No,120,Off,No,No,None,59.4522,17.9731,Yes
4,Dalaro U,Digital,	434.83750,	432.83750,,0,2,None,Default,None,Text,Text,,,,Master,No,No,No,120,Off,No,No,None,59.1353,18.4106,Yes
5,Djuro U,Digital,	434.58750,	432.58750,,0,2,None,Default,None,Text,Text,,,,Master,No,No,No,120,Off,No,No,None,59.2996,18.673,Yes
6,Haninge 1 VS,Analogue,	145.60000,	145.00000,12.5,,,,,,,,None,None,Disabled,Master,No,No,No,120,Off,No,No,None,0,0,Yes
7,Haninge 2 U,Analogue,	434.75000,	432.75000,12.5,,,,,,,,77.0,77.0,Disabled,Master,No,No,No,120,Off,No,No,None,59.1704,18.1663,Yes
8,Haninge 3 U,Analogue,	434.77500,	432.77500,12.5,,,,,,,,77.0,77.0,Disabled,Master,No,No,No,120,Off,No,No,None,59.17,18.1694,Yes
9,Haninge 4 U,Digital,	434.63750,	432.63750,,0,2,None,Default,None,Text,Text,,,,Master,No,No,No,120,Off,No,No,None,59.17,18.1694,Yes
10,Haninge 5 U,Digital,	434.56250,	432.56250,,0,2,None,Default,None,Text,Text,,,,Master,No,No,No,120,Off,No,No,None,59.1704,18.1663,Yes
11,Hogdalen V,Digital,	145.57500,	144.97500,,0,2,None,Default,None,Text,Text,,,,Master,No,No,No,120,Off,No,No,None,59.249,18.0719,Yes
12,Ingaro 2 VSE,Analogue,	145.77500,	145.17500,12.5,,,,,,,,77.0,77.0,Disabled,Master,No,No,No,120,Off,No,No,None,59.2602,18.5297,Yes
13,Johanneshov U,Digital,	434.92500,	432.92500,,0,2,None,Default,None,Text,Text,,,,Master,No,No,No,120,Off,No,No,None,59.2942,18.073,Yes
14,Kista 3 US,Analogue,	434.62500,	432.62500,12.5,,,,,,,,77.0,77.0,Disabled,Master,No,No,No,120,Off,No,No,None,59.4,17.95,Yes
15,Kopparmora UL,Analogue,	434.48750,	434.48750,12.5,,,,,,,,91.5,91.5,Disabled,Master,No,No,No,120,Off,No,No,None,59.3388,18.5937,Yes
16,Rimbo U,Digital,	434.78750,	432.78750,,0,2,None,Default,None,Text,Text,,,,Master,No,No,No,120,Off,No,No,None,59.7984,18.1559,Yes
17,Sandhamn UL,Analogue,	434.37500,	434.37500,12.5,,,,,,,,91.5,91.5,Disabled,Master,No,No,No,120,Off,No,No,None,59.2873,18.9122,Yes
18,Sigtuna U,Digital,	434.88750,	432.88750,,0,2,None,Default,None,Text,Text,,,,Master,No,No,No,120,Off,No,No,None,59.6368,17.8088,Yes
19,Stockholm 1 VS,Analogue,	145.62500,	145.02500,12.5,,,,,,,,77.0,77.0,Disabled,Master,No,No,No,120,Off,No,No,None,59.3074,18.0123,Yes
20,Stockholm 2 VS,Analogue,	145.72500,	145.12500,12.5,,,,,,,,77.0,77.0,Disabled,Master,No,No,No,120,Off,No,No,None,59.32,18.07,Yes
21,Stockholm 3 U,Digital,	434.96250,	432.96250,,0,2,None,Default,None,Text,Text,,,,Master,No,No,No,120,Off,No,No,None,59.3345,18.0636,Yes
22,Soder U,Analogue,	434.72500,	432.72500,12.5,,,,,,,,77.0,77.0,Disabled,Master,No,No,No,120,Off,No,No,None,59.303,18.085,Yes
23,Sodertalje 4 U,Digital,	434.87500,	432.87500,,0,2,None,Default,None,Text,Text,,,,Master,No,No,No,120,Off,No,No,None,59.1903,17.6178,Yes
24,Sodertalje 5 V,Analogue,	145.65000,	145.05000,12.5,,,,,,,,77.0,77.0,Disabled,Master,No,No,No,120,Off,No,No,None,59.1746,17.6,Yes
25,Tyreso U+,Digital,	434.51250,	432.51250,,12,2,None,Default,None,Text,Text,,,,Master,No,No,No,120,Off,No,No,None,59.2975,18.173,Yes
26,Taby 2 U,Digital,	434.73750,	432.73750,,0,2,None,Default,None,Text,Text,,,,Master,No,No,No,120,Off,No,No,None,59.445,18.075,Yes
27,Upplands_Vas 1 U,Analogue,	434.67500,	432.67500,12.5,,,,,,,,77.0,77.0,Disabled,Master,No,No,No,120,Off,No,No,None,0,0,Yes
28,Upplands_Vas 2 U,Digital,	434.76250,	432.76250,,0,2,None,Default,None,Text,Text,,,,Master,No,No,No,120,Off,No,No,None,0,0,Yes
29,Vallentuna 4 U,Analogue,	434.70000,	432.70000,12.5,,,,,,,,77.0,77.0,Disabled,Master,No,No,No,120,Off,No,No,None,59.5043,18.1373,Yes
30,Vallentuna 5 U,Analogue,	434.85000,	432.85000,12.5,,,,,,,,77.0,77.0,Disabled,Master,No,No,No,120,Off,No,No,None,59.521,18.125,Yes
31,Vallentuna 6 V,Analogue,	145.67500,	145.07500,12.5,,,,,,,,77.0,77.0,Disabled,Master,No,No,No,120,Off,No,No,None,59.521,18.125,Yes
32,Vallentuna 8 U,Analogue,	434.82500,	432.82500,12.5,,,,,,,,77.0,77.0,Disabled,Master,No,No,No,120,Off,No,No,None,59.5043,18.1373,Yes
33,Varmdo U,Digital,	434.97500,	432.97500,,0,2,None,Default,None,Text,Text,,,,Master,No,No,No,120,Off,No,No,None,59.3142,18.3183,Yes
34,Vastberga 1 V,Analogue,	145.60000,	145.00000,12.5,,,,,,,,123.0,123.0,Disabled,Master,No,No,No,120,Off,No,No,None,59.298,17.99,Yes
35,Vastberga 2 U,Analogue,	434.90000,	432.90000,12.5,,,,,,,,123.0,123.0,Disabled,Master,No,No,No,120,Off,No,No,None,59.298,17.99,Yes
36,Almsta 1 V,Digital,	145.73750,	145.13750,,0,2,None,Default,None,Text,Text,,,,Master,No,No,No,120,Off,No,No,None,59.9624,18.8097,Yes
37,Almsta 2 U,Digital,	434.60000,	432.60000,,0,2,None,Default,None,Text,Text,,,,Master,No,No,No,120,Off,No,No,None,59.9733,18.8097,Yes
38,Endre V,Analogue,	145.77500,	145.17500,12.5,,,,,,,,218.1,218.1,Disabled,Master,No,No,No,120,Off,No,No,None,57.6085,18.4743,Yes
39,Slite U,Analogue,	434.60000,	432.60000,12.5,,,,,,,,218.1,218.1,Disabled,Master,No,No,No,120,Off,No,No,None,57.7186,18.7851,Yes
40,Visby VS,Analogue,	145.65000,	145.05000,12.5,,,,,,,,71.9,71.9,Disabled,Master,No,No,No,120,Off,No,No,None,57.5699,18.2846,Yes
41,Arjeplog V,Analogue,	145.70000,	145.10000,12.5,,,,,,,,None,None,Disabled,Master,No,No,No,120,Off,No,No,None,66.11,17.9312,Yes
42,Boden 1 V,Analogue,	145.62500,	145.02500,12.5,,,,,,,,107.2,107.2,Disabled,Master,No,No,No,120,Off,No,No,None,65.7927,21.6558,Yes
43,Boden 2 U,Digital,	434.80000,	432.80000,,2,2,None,Default,None,Text,Text,,,,Master,No,No,No,120,Off,No,No,None,65.8204,21.6003,Yes
44,Burtrask US,Analogue,	434.95000,	432.95000,12.5,,,,,,,,107.2,107.2,Disabled,Master,No,No,No,120,Off,No,No,None,64.5241,20.6118,Yes
45,Kalix 1 V,Digital,	145.72500,	145.12500,,2,2,None,Default,None,Text,Text,,,,Master,No,No,No,120,Off,No,No,None,65.92,22.833,Yes
46,Kalix 3 U,Digital,	434.75000,	432.75000,,2,2,None,Default,None,Text,Text,,,,Master,No,No,No,120,Off,No,No,None,65.92,22.833,Yes
47,Kalix-Vattento U,Digital,	434.72500,	432.72500,,2,2,None,Default,None,Text,Text,,,,Master,No,No,No,120,Off,No,No,None,0,0,Yes
48,Kiruna 1 V,Analogue,	145.62500,	145.02500,12.5,,,,,,,,107.2,107.2,Disabled,Master,No,No,No,120,Off,No,No,None,67.8314,20.1876,Yes
49,Kiruna 2 U,Digital,	434.51250,	432.51250,,2,2,None,Default,None,Text,Text,,,,Master,No,No,No,120,Off,No,No,None,67.8314,20.1876,Yes
50,Kiruna 3 U,Analogue,	434.82500,	432.82500,12.5,,,,,,,,107.2,107.2,Disabled,Master,No,No,No,120,Off,No,No,None,67.8314,20.1876,Yes
51,Lulea 1 V,Analogue,	145.65000,	145.05000,12.5,,,,,,,,107.2,107.2,Disabled,Master,No,No,No,120,Off,No,No,None,65.6141,22.2024,Yes
52,Lulea 2 U,Digital,	434.90000,	432.90000,,2,2,None,Default,None,Text,Text,,,,Master,No,No,No,120,Off,No,No,None,65.6141,22.2024,Yes
53,Lycksele V,Analogue,	145.77500,	145.17500,12.5,,,,,,,,107.2,107.2,Disabled,Master,No,No,No,120,Off,No,No,None,64.357,18.4484,Yes
54,Pitea 1 V,Analogue,	145.60000,	145.00000,12.5,,,,,,,,107.2,107.2,Disabled,Master,No,No,No,120,Off,No,No,None,65.3095,21.3272,Yes
55,Pitea 2 U,Analogue,	434.60000,	432.60000,12.5,,,,,,,,107.2,107.2,Disabled,Master,No,No,No,120,Off,No,No,None,65.3125,21.4959,Yes
56,Pitea 3 U,Digital,	434.85000,	432.85000,,2,2,None,Default,None,Text,Text,,,,Master,No,No,No,120,Off,No,No,None,65.3116,21.2746,Yes
57,Seskaro V,Digital,	145.67500,	145.07500,,2,2,None,Default,None,Text,Text,,,,Master,No,No,No,120,Off,No,No,None,65.7318,23.7242,Yes
58,Skelleftea 1 V,Analogue,	145.70000,	145.10000,12.5,,,,,,,,None,None,Disabled,Master,No,No,No,120,Off,No,No,None,64.774,20.95,Yes
59,Skelleftea 2 V,Digital,	145.58750,	144.98750,,0,2,None,Default,None,Text,Text,,,,Master,No,No,No,120,Off,No,No,None,64.7788,20.9541,Yes
60,Skelleftea 3 US,Analogue,	434.67500,	432.67500,12.5,,,,,,,,107.2,107.2,Disabled,Master,No,No,No,120,Off,No,No,None,64.7672,20.9771,Yes
61,Skelleftea 4 V,Analogue,	145.62500,	145.02500,12.5,,,,,,,,None,None,Disabled,Master,No,No,No,120,Off,No,No,None,64.6458,20.2917,Yes
62,Storuman 1 V,Analogue,	145.72500,	145.12500,12.5,,,,,,,,None,None,Disabled,Master,No,No,No,120,Off,No,No,None,65.097,17.14,Yes
63,Storuman 2 US,Analogue,	434.75000,	432.75000,12.5,,,,,,,,107.2,107.2,Disabled,Master,No,No,No,120,Off,No,No,None,65.097,17.14,Yes
64,Umea V,Analogue,	145.65000,	145.05000,12.5,,,,,,,,None,None,Disabled,Master,No,No,No,120,Off,No,No,None,63.8412,20.2099,Yes
65,Vannas 1 V,Analogue,	145.72500,	145.12500,12.5,,,,,,,,None,None,Disabled,Master,No,No,No,120,Off,No,No,None,63.9,19.81,Yes
66,Vannas 2 USE,Analogue,	434.72500,	432.72500,12.5,,,,,,,,107.2,107.2,Disabled,Master,No,No,No,120,Off,No,No,None,63.9,19.81,Yes
67,Vannas 3 U,Digital,	434.97500,	432.97500,,2,2,None,Default,None,Text,Text,,,,Master,No,No,No,120,Off,No,No,None,63.975,19.964,Yes
68,Alvsbyn VS,Analogue,	145.67500,	145.07500,12.5,,,,,,,,107.2,107.2,Disabled,Master,No,No,No,120,Off,No,No,None,65.6771,20.9928,Yes
69,Aspliden V,Analogue,	145.67500,	145.07500,12.5,,,,,,,,107.2,107.2,Disabled,Master,No,No,No,120,Off,No,No,None,65.088,18.6077,Yes
70,Bollnas 2 V,Analogue,	145.65000,	145.05000,12.5,,,,,,,,127.3,127.3,Disabled,Master,No,No,No,120,Off,No,No,None,61.485,16.21,Yes
71,Borgsjo VS,Analogue,	145.70000,	145.10000,12.5,,,,,,,,None,None,Disabled,Master,No,No,No,120,Off,No,No,None,62.546,15.9105,Yes
72,Forsa 2 V,Analogue,	145.60000,	145.00000,12.5,,,,,,,,127.3,127.3,Disabled,Master,No,No,No,120,Off,No,No,None,61.6666,16.8333,Yes
73,Forsa 3 U,Analogue,	434.67500,	432.67500,12.5,,,,,,,,127.3,127.3,Disabled,Master,No,No,No,120,Off,No,No,None,61.688,16.875,Yes
74,Follinge U,Digital,	434.52500,	432.52500,,3,2,None,Default,None,Text,Text,,,,Master,No,No,No,120,Off,No,No,None,63.67,14.607,Yes
75,Gavle 1 U,Digital,	434.70000,	432.70000,,3,2,None,Default,None,Text,Text,,,,Master,No,No,No,120,Off,No,No,None,60.6402,17.1335,Yes
76,Gavle 2 US,Analogue,	434.87500,	432.87500,12.5,,,,,,,,127.3,127.3,Disabled,Master,No,No,No,120,Off,No,No,None,60.6422,17.1302,Yes
77,Hoting V,Analogue,	145.60000,	145.00000,12.5,,,,,,,,None,None,Disabled,Master,No,No,No,120,Off,No,No,None,64.235,15.9302,Yes
78,Hudiksvall 1 V,Digital,	145.71250,	145.11250,,3,2,None,Default,None,Text,Text,,,,Master,No,No,No,120,Off,No,No,None,61.723,17.1,Yes
79,Hudiksvall 2 U,Digital,	434.57500,	432.57500,,3,2,None,Default,None,Text,Text,,,,Master,No,No,No,120,Off,No,No,None,61.723,17.1,Yes
80,Harnosand U,Analogue,	434.72500,	432.72500,12.5,,,,,,,,None,None,Disabled,Master,No,No,No,120,Off,No,No,None,62.6431,17.9583,Yes
81,Kramfors U,Analogue,	434.60000,	432.60000,12.5,,,,,,,,None,None,Disabled,Master,No,No,No,120,Off,No,No,None,62.9275,17.7652,Yes
82,Krokom UL,Analogue,	434.97500,	434.97500,12.5,,,,,,,,127.3,127.3,Disabled,Master,No,No,No,120,Off,No,No,None,63.3649,14.5147,Yes
83,Nordingra 1 V,Analogue,	145.62500,	145.02500,12.5,,,,,,,,None,None,Disabled,Master,No,No,No,120,Off,No,No,None,62.9375,18.4583,Yes
84,Nordingra 2 U,Analogue,	434.85000,	432.85000,12.5,,,,,,,,None,None,Disabled,Master,No,No,No,120,Off,No,No,None,62.9375,18.4583,Yes
85,Nyland 1 V,Analogue,	145.75000,	145.15000,12.5,,,,,,,,None,None,Disabled,Master,No,No,No,120,Off,No,No,None,63.01,17.74,Yes
86,Nyland 2 U,Analogue,	434.95000,	433.35000,12.5,,,,,,,,None,None,Disabled,Master,No,No,No,120,Off,No,No,None,63.01,17.74,Yes
87,Raftsjohojden V,Analogue,	145.68750,	145.08750,12.5,,,,,,,,127.3,127.3,Disabled,Master,No,No,No,120,Off,No,No,None,63.6165,14.9929,Yes
88,Sandviken 1 VS,Analogue,	145.70000,	145.10000,12.5,,,,,,,,127.3,127.3,Disabled,Master,No,No,No,120,Off,No,No,None,60.75,16.49,Yes
89,Sandviken 3 US,Analogue,	434.82500,	432.82500,12.5,,,,,,,,127.3,127.3,Disabled,Master,No,No,No,120,Off,No,No,None,60.75,16.49,Yes
90,Solleftea 1 V,Analogue,	145.65000,	145.05000,12.5,,,,,,,,None,None,Disabled,Master,No,No,No,120,Off,No,No,None,63.1654,17.2771,Yes
91,Solleftea 2 U,Analogue,	434.92500,	432.92500,12.5,,,,,,,,127.3,127.3,Disabled,Master,No,No,No,120,Off,No,No,None,63.1828,17.2718,Yes
92,Sundsvall 1 VSE,Analogue,	145.72500,	145.12500,12.5,,,,,,,,127.3,127.3,Disabled,Master,No,No,No,120,Off,No,No,None,62.3958,17.4583,Yes
93,Soderhamn 2 V,Analogue,	145.75000,	145.15000,12.5,,,,,,,,None,None,Disabled,Master,No,No,No,120,Off,No,No,None,61.2969,17.0864,Yes
94,Soderhamn 4 U,Analogue,	434.75000,	433.15000,12.5,,,,,,,,None,None,Disabled,Master,No,No,No,120,Off,No,No,None,61.2969,17.0864,Yes
95,Arsunda U,Analogue,	434.65000,	436.25000,12.5,,,,,,,,88.5,88.5,Disabled,Master,No,No,No,120,Off,No,No,None,60.5164,16.7344,Yes
96,Ornskoldsvi 2 VS,Analogue,	145.77500,	145.17500,12.5,,,,,,,,110.9,110.9,Disabled,Master,No,No,No,120,Off,No,No,None,0,0,Yes
97,Ornskoldsvi 3 US,Analogue,	434.87500,	432.87500,12.5,,,,,,,,110.9,110.9,Disabled,Master,No,No,No,120,Off,No,No,None,0,0,Yes
98,Ornskoldsvik 4 U,Digital,	434.77500,	432.77500,,3,2,None,Default,None,Text,Text,,,,Master,No,No,No,120,Off,No,No,None,63.2963,18.7318,Yes
99,Osterfarneb 2 US,Analogue,	434.85000,	432.85000,12.5,,,,,,,,127.3,127.3,Disabled,Master,No,No,No,120,Off,No,No,None,0,0,Yes
100,Ostersund 1 V,Analogue,	145.75000,	145.15000,12.5,,,,,,,,127.3,127.3,Disabled,Master,No,No,No,120,Off,No,No,None,63.1898,14.7668,Yes
101,Ostersund 2 VS,Analogue,	145.78750,	145.18750,12.5,,,,,,,,127.3,127.3,Disabled,Master,No,No,No,120,Off,No,No,None,63.1047,14.6022,Yes
102,Ostersund 3 U,Digital,	434.56250,	432.56250,,3,2,None,Default,None,Text,Text,,,,Master,No,No,No,120,Off,No,No,None,63.1047,14.6022,Yes
103,Ostersund 4 UE,Analogue,	434.75000,	432.75000,12.5,,,,,,,,127.3,127.3,Disabled,Master,No,No,No,120,Off,No,No,None,63.1898,14.7668,Yes
104,Arvika 1 U,Analogue,	434.77500,	432.77500,12.5,,,,,,,,74.4,74.4,Disabled,Master,No,No,No,120,Off,No,No,None,59.7736,12.2336,Yes
105,Borlange 1 US,Analogue,	434.80000,	432.80000,12.5,,,,,,,,85.4,85.4,Disabled,Master,No,No,No,120,Off,No,No,None,60.4014,15.465,Yes
106,Borlange 2 U,Digital,	434.85000,	432.85000,,12,2,None,Default,None,Text,Text,,,,Master,No,No,No,120,Off,No,No,None,60.4014,15.465,Yes
107,Eksharad UHI,Digital,	433.20000,	433.20000,,0,2,None,Default,None,Text,Text,,,,Master,No,No,No,120,Off,No,No,None,60.1769,13.4925,Yes
108,Falun 1 VS,Analogue,	145.62500,	145.02500,12.5,,,,,,,,85.4,85.4,Disabled,Master,No,No,No,120,Off,No,No,None,60.6295,15.677,Yes
109,Falun 2 U,Digital,	434.62500,	432.62500,,1,2,None,Default,None,Text,Text,,,,Master,No,No,No,120,Off,No,No,None,60.6295,15.677,Yes
110,Garphyttan V,Analogue,	145.65000,	145.05000,12.5,,,,,,,,74.4,74.4,Disabled,Master,No,No,No,120,Off,No,No,None,59.3316,14.9309,Yes
111,Grums U,Analogue,	434.72500,	432.72500,12.5,,,,,,,,74.4,74.4,Disabled,Master,No,No,No,120,Off,No,No,None,59.3398,13.1179,Yes
112,Grangesberg VL,Analogue,	145.35000,	145.35000,12.5,,,,,,,,None,None,Disabled,Master,No,No,No,120,Off,No,No,None,60.0715,15.0157,Yes
113,Hagfors 2 VE,Analogue,	145.67500,	145.07500,12.5,,,,,,,,114.8,114.8,Disabled,Master,No,No,No,120,Off,No,No,None,60.0225,13.7602,Yes
114,Karlskoga 1 V,Digital,	145.75000,	145.15000,,4,2,None,Default,None,Text,Text,,,,Master,No,No,No,120,Off,No,No,None,59.378,14.435,Yes
115,Karlskoga 2 U,Digital,	434.80000,	432.80000,,4,2,None,Default,None,Text,Text,,,,Master,No,No,No,120,Off,No,No,None,59.3175,14.4812,Yes
116,Karlstad VS,Analogue,	145.57500,	144.97500,12.5,,,,,,,,74.4,74.4,Disabled,Master,No,No,No,120,Off,No,No,None,59.4251,13.4838,Yes
117,Kopparberg 1 V,Analogue,	145.60000,	145.00000,12.5,,,,,,,,None,None,Disabled,Master,No,No,No,120,Off,No,No,None,59.9223,15.0425,Yes
118,Leksand 2 VI,Analogue,	145.77500,	145.17500,12.5,,,,,,,,85.4,85.4,Disabled,Master,No,No,No,120,Off,No,No,None,60.674,15.0175,Yes
119,Lindesberg 1 V,Analogue,	145.68750,	145.08750,12.5,,,,,,,,74.4,74.4,Disabled,Master,No,No,No,120,Off,No,No,None,59.651,15.133,Yes
120,Lindesberg 2 VLS,Analogue,	145.30000,	145.30000,12.5,,,,,,,,136.5,136.5,Disabled,Master,No,No,No,120,Off,No,No,None,59.5967,15.2066,Yes
121,Ludvika 1 V,Analogue,	145.72500,	145.12500,12.5,,,,,,,,None,None,Disabled,Master,No,No,No,120,Off,No,No,None,60.1025,15.13,Yes
122,Ludvika 2 U,Analogue,	434.72500,	433.12500,12.5,,,,,,,,None,None,Disabled,Master,No,No,No,120,Off,No,No,None,60.1025,15.13,Yes
123,Ludvika 3 V,Digital,	145.66250,	145.06250,,4,2,None,Default,None,Text,Text,,,,Master,No,No,No,120,Off,No,No,None,60.1239,15.1436,Yes
124,Malung VH,Digital,	144.83750,	144.83750,,4,2,None,Default,None,Text,Text,,,,Master,No,No,No,120,Off,No,No,None,60.6852,13.7168,Yes
125,Mora 3 U,Analogue,	434.70000,	432.70000,12.5,,,,,,,,None,None,Disabled,Master,No,No,No,120,Off,No,No,None,61.0066,14.5028,Yes
126,Nybble VLS,Analogue,	145.30000,	145.30000,12.5,,,,,,,,None,None,Disabled,Master,No,No,No,120,Off,No,No,None,59.1111,14.1663,Yes
127,Nyhammar VL,Analogue,	145.32500,	145.32500,12.5,,,,,,,,None,None,Disabled,Master,No,No,No,120,Off,No,No,None,60.278,14.9803,Yes
128,Orsa 1 VE,Analogue,	145.75000,	145.15000,12.5,,,,,,,,85.4,85.4,Disabled,Master,No,No,No,120,Off,No,No,None,61.2168,14.5388,Yes
129,Orsa 2 US,Analogue,	434.75000,	432.75000,12.5,,,,,,,,85.4,85.4,Disabled,Master,No,No,No,120,Off,No,No,None,61.2168,14.5388,Yes
130,Orsa 3 VLS,Analogue,	145.27500,	145.27500,12.5,,,,,,,,None,None,Disabled,Master,No,No,No,120,Off,No,No,None,61.1108,14.6382,Yes
131,Sunne 1 V,Analogue,	145.77500,	145.17500,12.5,,,,,,,,74.4,74.4,Disabled,Master,No,No,No,120,Off,No,No,None,59.8367,12.8657,Yes
132,Sunne 2 UHI,Digital,	432.50000,	432.50000,,1,2,None,Default,None,Text,Text,,,,Master,No,No,No,120,Off,No,No,None,59.8459,13.1337,Yes
133,Salen VS,Analogue,	145.60000,	145.00000,12.5,,,,,,,,85.4,85.4,Disabled,Master,No,No,No,120,Off,No,No,None,61.1532,13.1711,Yes
134,Torsby 1 VL,Analogue,	145.28750,	145.28750,12.5,,,,,,,,74.4,74.4,Disabled,Master,No,No,No,120,Off,No,No,None,60.2921,12.9673,Yes
135,Torsby 2 U,Analogue,	434.62500,	432.62500,12.5,,,,,,,,None,None,Disabled,Master,No,No,No,120,Off,No,No,None,60.1057,12.9649,Yes
136,Vansbro 1 V,Analogue,	145.65000,	145.05000,12.5,,,,,,,,85.4,85.4,Disabled,Master,No,No,No,120,Off,No,No,None,60.505,14.0315,Yes
137,Vansbro 3 U,Digital,	434.66250,	432.66250,,4,2,None,Default,None,Text,Text,,,,Master,No,No,No,120,Off,No,No,None,60.505,14.0315,Yes
138,Arjang V,Analogue,	145.72500,	145.12500,12.5,,,,,,,,None,None,Disabled,Master,No,No,No,120,Off,No,No,None,59.4045,12.1179,Yes
139,Alvdalen 1 ULS,Analogue,	434.50000,	434.50000,12.5,,,,,,,,250.3,250.3,Disabled,Master,No,No,No,120,Off,No,No,None,61.2375,14.0451,Yes
140,Orebro 1 VS,Analogue,	145.71250,	145.11250,12.5,,,,,,,,None,None,Disabled,Master,No,No,No,120,Off,No,No,None,59.2448,14.9124,Yes
141,Orebro 2 U,Digital,	434.72500,	432.72500,,4,2,None,Default,None,Text,Text,,,,Master,No,No,No,120,Off,No,No,None,59.2552,15.1857,Yes
142,Vansbro 4 U,Analogue,	434.65000,	433.05000,12.5,,,,,,,,85.4,85.4,Disabled,Master,No,No,No,120,Off,No,No,None,60.505,14.0315,Yes
143,Arboga 1 V,Analogue,	145.67500,	145.07500,12.5,,,,,,,,None,None,Disabled,Master,No,No,No,120,Off,No,No,None,59.6076,15.836,Yes
144,Arboga 2 U,Analogue,	434.87500,	432.87500,12.5,,,,,,,,None,None,Disabled,Master,No,No,No,120,Off,No,No,None,59.6076,15.836,Yes
145,Eskilstuna 2 VSE,Analogue,	145.61250,	145.01250,12.5,,,,,,,,82.5,82.5,Disabled,Master,No,No,No,120,Off,No,No,None,59.229,16.625,Yes
146,Eskilstuna 3 US,Analogue,	434.85000,	432.85000,12.5,,,,,,,,82.5,82.5,Disabled,Master,No,No,No,120,Off,No,No,None,59.3934,16.4216,Yes
147,Eskilstuna 4 U,Analogue,	434.97500,	432.97500,12.5,,,,,,,,82.5,82.5,Disabled,Master,No,No,No,120,Off,No,No,None,59.3561,16.5001,Yes
148,Finspang 1 U,Analogue,	434.92500,	432.92500,12.5,,,,,,,,107.2,107.2,Disabled,Master,No,No,No,120,Off,No,No,None,58.7292,15.7917,Yes
149,Finspang 3 U,Digital,	434.70000,	432.70000,,0,2,None,Default,None,Text,Text,,,,Master,No,No,No,120,Off,No,No,None,58.7053,15.7592,Yes
150,Flen 1 V,Digital,	145.63750,	145.03750,,5,2,None,Default,None,Text,Text,,,,Master,No,No,No,120,Off,No,No,None,59.0448,16.6282,Yes
151,Flen 2 V,Analogue,	145.76250,	145.16250,12.5,,,,,,,,103.5,103.5,Disabled,Master,No,No,No,120,Off,No,No,None,59.046,16.625,Yes
152,Flen 3 US,Analogue,	434.75000,	432.75000,12.5,,,,,,,,91.5,91.5,Disabled,Master,No,No,No,120,Off,No,No,None,59.0454,16.6296,Yes
153,Jarlasa 2 V,Digital,	145.57500,	144.97500,,0,2,None,Default,None,Text,Text,,,,Master,No,No,No,120,Off,No,No,None,59.93,17.12,Yes
154,Kisa V,Analogue,	145.70000,	145.10000,12.5,,,,,,,,82.5,82.5,Disabled,Master,No,No,No,120,Off,No,No,None,57.987,15.6312,Yes
155,Knivsta U,Digital,	434.52500,	432.52500,,5,2,None,Default,None,Text,Text,,,,Master,No,No,No,120,Off,No,No,None,59.7255,17.7868,Yes
156,Linkoping 2 V,Analogue,	145.72500,	145.12500,12.5,,,,,,,,None,None,Disabled,Master,No,No,No,120,Off,No,No,None,58.3837,15.5645,Yes
157,Linkoping 3 VS,Analogue,	145.78750,	145.18750,12.5,,,,,,,,82.5,82.5,Disabled,Master,No,No,No,120,Off,No,No,None,58.56,15.542,Yes
158,Linkoping 6 US,Analogue,	434.82500,	432.82500,12.5,,,,,,,,82.5,82.5,Disabled,Master,No,No,No,120,Off,No,No,None,58.3995,15.6381,Yes
159,Mariefred VS,Analogue,	145.70000,	145.10000,12.5,,,,,,,,82.5,82.5,Disabled,Master,No,No,No,120,Off,No,No,None,59.2579,17.2222,Yes
160,Motala V,Analogue,	145.73750,	145.13750,12.5,,,,,,,,91.5,91.5,Disabled,Master,No,No,No,120,Off,No,No,None,58.5222,15.1309,Yes
161,Norrkoping 2 V,Analogue,	145.60000,	145.00000,12.5,,,,,,,,82.5,82.5,Disabled,Master,No,No,No,120,Off,No,No,None,58.6875,16.43,Yes
162,Norrkoping 3 US,Analogue,	434.60000,	432.60000,12.5,,,,,,,,82.5,82.5,Disabled,Master,No,No,No,120,Off,No,No,None,58.6042,16.125,Yes
163,Norrkoping 4 U,Digital,	434.95000,	432.95000,,5,2,None,Default,None,Text,Text,,,,Master,No,No,No,120,Off,No,No,None,58.6875,16.2917,Yes
164,Norrkoping 7 U,Digital,	434.53750,	432.53750,,5,2,None,Default,None,Text,Text,,,,Master,No,No,No,120,Off,No,No,None,58.6053,16.1426,Yes
165,Nykoping 2 U,Digital,	434.63750,	432.63750,,5,2,None,Default,None,Text,Text,,,,Master,No,No,No,120,Off,No,No,None,58.7663,17.0204,Yes
166,Sala 1 VE,Analogue,	145.71250,	145.11250,12.5,,,,,,,,82.5,82.5,Disabled,Master,No,No,No,120,Off,No,No,None,59.938,16.625,Yes
167,Stigtomta VLF,Digital,	145.28750,	145.28750,,5,2,None,Default,None,Text,Text,,,,Master,No,No,No,120,Off,No,No,None,58.8191,16.7939,Yes
168,Uppsala 1 VS,Analogue,	145.58750,	144.98750,12.5,,,,,,,,136.5,136.5,Disabled,Master,No,No,No,120,Off,No,No,None,59.8507,17.6345,Yes
169,Uppsala 2 V,Analogue,	145.75000,	145.15000,12.5,,,,,,,,82.5,82.5,Disabled,Master,No,No,No,120,Off,No,No,None,59.8542,17.7927,Yes
170,Uppsala 3 UH,Digital,	434.37500,	434.37500,,5,2,None,Default,None,Text,Text,,,,Master,No,No,No,120,Off,No,No,None,59.9511,17.82,Yes
171,Uppsala 4 U,Digital,	434.51250,	432.51250,,1,2,None,Default,None,Text,Text,,,,Master,No,No,No,120,Off,No,No,None,59.9774,17.594,Yes
172,Uppsala 5 U,Digital,	434.58750,	432.58750,,5,2,None,Default,None,Text,Text,,,,Master,No,No,No,120,Off,No,No,None,59.8507,17.6345,Yes
173,Uppsala 6 U,Digital,	434.63750,	432.63750,,5,2,None,Default,None,Text,Text,,,,Master,No,No,No,120,Off,No,No,None,59.9512,17.82,Yes
174,Uppsala 8 VLS,Analogue,	144.57500,	144.57500,12.5,,,,,,,,None,None,Disabled,Master,No,No,No,120,Off,No,No,None,59.9774,17.594,Yes
175,Uppsala 9 ULS,Analogue,	433.45000,	433.45000,12.5,,,,,,,,None,None,Disabled,Master,No,No,No,120,Off,No,No,None,59.9774,17.594,Yes
176,Vasteras 1 VS,Analogue,	145.77500,	145.17500,12.5,,,,,,,,82.5,82.5,Disabled,Master,No,No,No,120,Off,No,No,None,59.6181,16.5243,Yes
177,Vasteras 3 US,Analogue,	434.77500,	432.77500,12.5,,,,,,,,82.5,82.5,Disabled,Master,No,No,No,120,Off,No,No,None,59.6062,16.5576,Yes
178,Atvidaberg VSE,Analogue,	145.66250,	145.06250,12.5,,,,,,,,82.5,82.5,Disabled,Master,No,No,No,120,Off,No,No,None,58.2072,15.878,Yes
179,Stallarholmen US,Analogue,	434.95000,	432.95000,12.5,,,,,,,,82.5,82.5,Disabled,Master,No,No,No,120,Off,No,No,None,59.3899,17.2166,Yes
180,Alingsas 2 V,Analogue,	145.62500,	145.02500,12.5,,,,,,,,114.8,114.8,Disabled,Master,No,No,No,120,Off,No,No,None,57.93,12.5362,Yes
181,Alingsas 3 U,Digital,	434.53750,	432.53750,,6,2,None,Default,None,Text,Text,,,,Master,No,No,No,120,Off,No,No,None,57.9151,12.5195,Yes
182,Alingsas 4 US,Analogue,	434.62500,	432.62500,12.5,,,,,,,,114.8,114.8,Disabled,Master,No,No,No,120,Off,No,No,None,57.93,12.5362,Yes
183,Angered U,Analogue,	434.92500,	432.92500,12.5,,,,,,,,None,None,Disabled,Master,No,No,No,120,Off,No,No,None,57.8125,12.0417,Yes
184,Bengtsfors 1 V,Digital,	145.70000,	145.10000,,6,2,None,Default,None,Text,Text,,,,Master,No,No,No,120,Off,No,No,None,59.0053,12.2525,Yes
185,Bengtsfors 2 U,Digital,	434.68750,	432.68750,,6,2,None,Default,None,Text,Text,,,,Master,No,No,No,120,Off,No,No,None,59.0053,12.2525,Yes
186,Bokenas VS,Analogue,	145.60000,	145.00000,12.5,,,,,,,,118.8,118.8,Disabled,Master,No,No,No,120,Off,No,No,None,58.31,11.64,Yes
187,Boras 1 VLE,Analogue,	144.51250,	144.51250,12.5,,,,,,,,146.2,146.2,Disabled,Master,No,No,No,120,Off,No,No,None,57.729,13.05,Yes
188,Boras 2 V,Analogue,	145.77500,	145.17500,12.5,,,,,,,,114.8,114.8,Disabled,Master,No,No,No,120,Off,No,No,None,57.742,13.005,Yes
189,Boras 3 U,Digital,	434.55000,	432.55000,,6,2,None,Default,None,Text,Text,,,,Master,No,No,No,120,Off,No,No,None,57.742,13.005,Yes
190,Boras 4 U,Analogue,	434.80000,	432.80000,12.5,,,,,,,,114.8,114.8,Disabled,Master,No,No,No,120,Off,No,No,None,57.742,13.005,Yes
191,Boras 5 VLS,Analogue,	145.28750,	145.28750,12.5,,,,,,,,118.8,118.8,Disabled,Master,No,No,No,120,Off,No,No,None,57.7333,12.9458,Yes
192,Dingle U,Digital,	434.88750,	432.88750,,6,2,None,Default,None,Text,Text,,,,Master,No,No,No,120,Off,No,No,None,58.5208,11.551,Yes
193,Falkenberg VS,Analogue,	145.62500,	145.02500,12.5,,,,,,,,118.8,118.8,Disabled,Master,No,No,No,120,Off,No,No,None,56.9027,12.4888,Yes
194,Floda 1 ULI,Analogue,	433.47500,	433.47500,12.5,,,,,,,,None,None,Disabled,Master,No,No,No,120,Off,No,No,None,57.809,12.3654,Yes
195,Guldheden 1 U,Analogue,	434.97500,	432.97500,12.5,,,,,,,,114.8,114.8,Disabled,Master,No,No,No,120,Off,No,No,None,57.678,11.9783,Yes
196,Guldheden 2 VLE,Analogue,	144.57500,	144.57500,12.5,,,,,,,,146.2,146.2,Disabled,Master,No,No,No,120,Off,No,No,None,57.68,11.97,Yes
197,Guldheden 3 U,Digital,	434.78750,	432.78750,,6,2,None,Default,None,Text,Text,,,,Master,No,No,No,120,Off,No,No,None,57.6785,11.9787,Yes
198,Guldheden 4 U,Analogue,	434.60000,	432.60000,12.5,,,,,,,,114.8,114.8,Disabled,Master,No,No,No,120,Off,No,No,None,57.6785,11.9787,Yes
199,Guldheden 5 VS,Analogue,	145.65000,	145.05000,12.5,,,,,,,,114.8,114.8,Disabled,Master,No,No,No,120,Off,No,No,None,57.6785,11.9787,Yes
200,Guldheden 6 VLE,Analogue,	144.67500,	144.67500,12.5,,,,,,,,146.2,146.2,Disabled,Master,No,No,No,120,Off,No,No,None,57.68,11.97,Yes
201,Halmstad 1 VS,Analogue,	145.67500,	145.07500,12.5,,,,,,,,114.8,114.8,Disabled,Master,No,No,No,120,Off,No,No,None,56.7614,13.0505,Yes
202,Halmstad 2 U,Analogue,	434.75000,	432.75000,12.5,,,,,,,,114.8,114.8,Disabled,Master,No,No,No,120,Off,No,No,None,56.6875,12.875,Yes
203,Halmstad 3 U,Digital,	434.92500,	432.92500,,0,2,None,Default,None,Text,Text,,,,Master,No,No,No,120,Off,No,No,None,56.7614,13.0505,Yes
204,Hemsjo U,Digital,	434.82500,	432.82500,,6,2,None,Default,None,Text,Text,,,,Master,No,No,No,120,Off,No,No,None,57.8309,12.4888,Yes
205,Hjo VLS,Analogue,	145.23750,	145.23750,12.5,,,,,,,,None,None,Disabled,Master,No,No,No,120,Off,No,No,None,58.25,14.0186,Yes
206,Hono 1 VLE,Analogue,	144.62500,	144.62500,12.5,,,,,,,,146.2,146.2,Disabled,Master,No,No,No,120,Off,No,No,None,57.685,11.6456,Yes
207,Karlsborg 1 V,Analogue,	145.76250,	145.16250,12.5,,,,,,,,94.8,94.8,Disabled,Master,No,No,No,120,Off,No,No,None,58.5375,14.4434,Yes
208,Karlsborg 2 UL,Digital,	433.76250,	433.76250,,0,2,None,Default,None,Text,Text,,,,Master,No,No,No,120,Off,No,No,None,58.5375,14.4434,Yes
209,Kinnekulle 1 V,Analogue,	145.60000,	145.00000,12.5,,,,,,,,114.8,114.8,Disabled,Master,No,No,No,120,Off,No,No,None,58.6,13.41,Yes
210,Kinnekulle 2 U,Analogue,	434.95000,	432.95000,12.5,,,,,,,,None,None,Disabled,Master,No,No,No,120,Off,No,No,None,58.6,13.41,Yes
211,Kortedala 1 VLE,Analogue,	144.60000,	144.60000,12.5,,,,,,,,146.2,146.2,Disabled,Master,No,No,No,120,Off,No,No,None,57.7613,12.0373,Yes
212,Kortedala 2 V,Digital,	145.58750,	144.98750,,6,2,None,Default,None,Text,Text,,,,Master,No,No,No,120,Off,No,No,None,57.7613,12.0373,Yes
213,Kullavik VLS,Analogue,	145.28750,	145.28750,12.5,,,,,,,,None,None,Disabled,Master,No,No,No,120,Off,No,No,None,57.5482,11.9429,Yes
214,Kungsbacka 1 VLE,Analogue,	144.65000,	144.65000,12.5,,,,,,,,146.2,146.2,Disabled,Master,No,No,No,120,Off,No,No,None,57.4874,12.077,Yes
215,Kungsbacka 2 V,Analogue,	145.72500,	145.12500,12.5,,,,,,,,114.8,114.8,Disabled,Master,No,No,No,120,Off,No,No,None,57.4874,12.077,Yes
216,Kungsbacka 3 U,Analogue,	434.72500,	432.72500,12.5,,,,,,,,114.8,114.8,Disabled,Master,No,No,No,120,Off,No,No,None,57.4874,12.077,Yes
217,Kungshamn VS,Digital,	145.67500,	145.07500,,6,2,None,Default,None,Text,Text,,,,Master,No,No,No,120,Off,No,No,None,58.3569,11.257,Yes
218,Kungalv 2 U,Analogue,	434.73750,	432.73750,12.5,,,,,,,,114.8,114.8,Disabled,Master,No,No,No,120,Off,No,No,None,57.9814,12.0462,Yes
219,Lerum U,Analogue,	434.77500,	432.77500,12.5,,,,,,,,114.8,114.8,Disabled,Master,No,No,No,120,Off,No,No,None,57.8809,12.3227,Yes
220,Lysekil US,Analogue,	434.80000,	432.80000,12.5,,,,,,,,118.8,118.8,Disabled,Master,No,No,No,120,Off,No,No,None,58.2755,11.4355,Yes
221,Langedrag VLE,Analogue,	144.52500,	144.52500,12.5,,,,,,,,146.2,146.2,Disabled,Master,No,No,No,120,Off,No,No,None,57.6694,11.8555,Yes
222,Mariestad UE,Analogue,	434.90000,	432.90000,12.5,,,,,,,,None,None,Disabled,Master,No,No,No,120,Off,No,No,None,58.7002,13.8253,Yes
223,Myggenas VLE,Analogue,	144.66250,	144.66250,12.5,,,,,,,,146.2,146.2,Disabled,Master,No,No,No,120,Off,No,No,None,58.0564,11.7428,Yes
224,Molndal 1 VE,Analogue,	145.70000,	145.10000,12.5,,,,,,,,118.8,118.8,Disabled,Master,No,No,No,120,Off,No,No,None,57.65,12.0166,Yes
225,Molndal 2 UE,Analogue,	434.70000,	432.70000,12.5,,,,,,,,118.8,118.8,Disabled,Master,No,No,No,120,Off,No,No,None,57.65,12.0166,Yes
226,Molnlycke VLE,Analogue,	144.58750,	144.58750,12.5,,,,,,,,146.2,146.2,Disabled,Master,No,No,No,120,Off,No,No,None,57.6493,12.1142,Yes
227,Skara 3 U,Digital,	434.98750,	432.98750,,6,2,None,Default,None,Text,Text,,,,Master,No,No,No,120,Off,No,No,None,58.4,13.46,Yes
228,Skene 1 VSEI,Analogue,	145.60000,	145.00000,12.5,,,,,,,,94.8,94.8,Disabled,Master,No,No,No,120,Off,No,No,None,57.5095,12.6,Yes
229,Skene 2 UHI,Digital,	433.56250,	433.56250,,0,2,None,Default,None,Text,Text,,,,Master,No,No,No,120,Off,No,No,None,57.495,12.656,Yes
230,Skene 3 USEI,Analogue,	434.95000,	432.95000,12.5,,,,,,,,94.8,94.8,Disabled,Master,No,No,No,120,Off,No,No,None,57.5095,12.6,Yes
231,Skarsjon VLE,Analogue,	144.55000,	144.55000,12.5,,,,,,,,146.2,146.2,Disabled,Master,No,No,No,120,Off,No,No,None,57.544,12.079,Yes
232,Skovde 1 V,Analogue,	145.68750,	145.08750,12.5,,,,,,,,114.8,114.8,Disabled,Master,No,No,No,120,Off,No,No,None,58.4177,13.8154,Yes
233,Skovde 2 U,Analogue,	434.82500,	432.82500,12.5,,,,,,,,114.8,114.8,Disabled,Master,No,No,No,120,Off,No,No,None,58.4177,13.8154,Yes
234,Stenungsun 2 VSE,Digital,	145.71250,	145.11250,,6,2,None,Default,None,Text,Text,,,,Master,No,No,No,120,Off,No,No,None,0,0,Yes
235,Tanumshede VS,Digital,	145.57500,	144.97500,,6,2,None,Default,None,Text,Text,,,,Master,No,No,No,120,Off,No,No,None,58.7239,11.3252,Yes
236,Tidaholm V,Analogue,	145.63750,	145.03750,12.5,,,,,,,,118.8,118.8,Disabled,Master,No,No,No,120,Off,No,No,None,58.13,14.042,Yes
237,Torup US,Analogue,	434.88750,	432.88750,12.5,,,,,,,,114.8,114.8,Disabled,Master,No,No,No,120,Off,No,No,None,57.0106,12.9843,Yes
238,Trollhattan 1 V,Digital,	145.76250,	145.16250,,6,2,None,Default,None,Text,Text,,,,Master,No,No,No,120,Off,No,No,None,58.275,12.29,Yes
239,Uddevalla 1 VS,Digital,	145.73750,	145.13750,,6,2,None,Default,None,Text,Text,,,,Master,No,No,No,120,Off,No,No,None,58.2964,11.8584,Yes
240,Ulricehamn 1 V,Analogue,	145.67500,	145.07500,12.5,,,,,,,,118.8,118.8,Disabled,Master,No,No,No,120,Off,No,No,None,57.8054,13.5072,Yes
241,Ulricehamn 2 U,Analogue,	434.67500,	432.67500,12.5,,,,,,,,118.8,118.8,Disabled,Master,No,No,No,120,Off,No,No,None,57.7923,13.4236,Yes
242,Varberg 1 V,Analogue,	145.70000,	145.10000,12.5,,,,,,,,None,None,Disabled,Master,No,No,No,120,Off,No,No,None,57.3025,12.382,Yes
243,Varberg 2 U,Analogue,	434.70000,	432.70000,12.5,,,,,,,,None,None,Disabled,Master,No,No,No,120,Off,No,No,None,57.3025,12.382,Yes
244,Vedum VS,Analogue,	145.78750,	145.18750,12.5,,,,,,,,218.1,218.1,Disabled,Master,No,No,No,120,Off,No,No,None,58.1845,12.9151,Yes
245,Vargarda U,Analogue,	434.85000,	432.85000,12.5,,,,,,,,118.8,118.8,Disabled,Master,No,No,No,120,Off,No,No,None,58.0191,12.8303,Yes
246,Amal U,Analogue,	434.60000,	432.60000,12.5,,,,,,,,None,None,Disabled,Master,No,No,No,120,Off,No,No,None,59.0498,12.6888,Yes
247,Alvangen U,Analogue,	434.75000,	432.75000,12.5,,,,,,,,114.8,114.8,Disabled,Master,No,No,No,120,Off,No,No,None,57.95,12.121,Yes
248,Ockero 1 VS,Analogue,	145.75000,	145.15000,12.5,,,,,,,,114.8,114.8,Disabled,Master,No,No,No,120,Off,No,No,None,57.7091,11.6431,Yes
249,Ockero 2 U,Digital,	434.85000,	432.85000,,6,2,None,Default,None,Text,Text,,,,Master,No,No,No,120,Off,No,No,None,57.7091,11.6431,Yes
250,Orby 1 VLSE,Analogue,	145.23750,	145.23750,12.5,,,,,,,,None,None,Disabled,Master,No,No,No,120,Off,No,No,None,57.474,12.707,Yes
251,Orby 2 ULA,Analogue,	434.22500,	434.22500,12.5,,,,,,,,None,None,Disabled,Master,No,No,No,120,Off,No,No,None,57.474,12.707,Yes
252,Orby 3 VLS,Analogue,	144.85000,	144.85000,12.5,,,,,,,,94.8,94.8,Disabled,Master,No,No,No,120,Off,No,No,None,57.474,12.707,Yes
253,Algutsrum 1 VSE,Analogue,	145.60000,	145.00000,12.5,,,,,,,,79.7,79.7,Disabled,Master,No,No,No,120,Off,No,No,None,56.6828,16.5646,Yes
254,Algutsrum 2 UI,Digital,	434.55000,	432.55000,,7,2,None,Default,None,Text,Text,,,,Master,No,No,No,120,Off,No,No,None,56.6828,16.5646,Yes
255,Algutsrum 3 USE,Analogue,	434.60000,	432.60000,12.5,,,,,,,,79.7,79.7,Disabled,Master,No,No,No,120,Off,No,No,None,56.6828,16.5646,Yes
256,Bjarnum,Digital,	434.95000,	432.95000,,7,2,None,Default,None,Text,Text,,,,Master,No,No,No,120,Off,No,No,None,0,0,Yes
257,Blentarp 2 U,Analogue,	434.85000,	432.85000,12.5,,,,,,,,79.7,79.7,Disabled,Master,No,No,No,120,Off,No,No,None,55.5735,13.5235,Yes
258,Blentarp 3 V,Analogue,	145.67500,	145.07500,12.5,,,,,,,,79.7,79.7,Disabled,Master,No,No,No,120,Off,No,No,None,55.5411,13.5875,Yes
259,Bredaryd V,Analogue,	145.68750,	145.08750,12.5,,,,,,,,156.7,156.7,Disabled,Master,No,No,No,120,Off,No,No,None,57.1709,13.742,Yes
260,Borgholm 1 VSE,Analogue,	145.66250,	145.06250,12.5,,,,,,,,79.7,79.7,Disabled,Master,No,No,No,120,Off,No,No,None,56.8406,16.6658,Yes
261,Borgholm 2 USE,Analogue,	434.77500,	432.77500,12.5,,,,,,,,79.7,79.7,Disabled,Master,No,No,No,120,Off,No,No,None,56.8406,16.6658,Yes
262,Borgholm 3 VLS,Analogue,	145.31250,	145.31250,12.5,,,,,,,,None,None,Disabled,Master,No,No,No,120,Off,No,No,None,56.8809,16.6574,Yes
263,Bruzaholm U,Digital,	434.60000,	432.60000,,7,2,None,Default,None,Text,Text,,,,Master,No,No,No,120,Off,No,No,None,57.6436,15.2712,Yes
264,Boda VSE,Analogue,	145.75000,	145.15000,12.5,,,,,,,,79.7,79.7,Disabled,Master,No,No,No,120,Off,No,No,None,57.2629,17.0297,Yes
265,Ekenassjon 1 VH,Digital,	144.85000,	144.85000,,7,2,None,Default,None,Text,Text,,,,Master,No,No,No,120,Off,No,No,None,57.4858,15.03,Yes
266,Ekenassjon 2 V,Digital,	145.71250,	145.11250,,7,2,None,Default,None,Text,Text,,,,Master,No,No,No,120,Off,No,No,None,57.4858,15.03,Yes
267,Eksjo U,Digital,	434.56250,	432.56250,,7,2,None,Default,None,Text,Text,,,,Master,No,No,No,120,Off,No,No,None,57.647,15.018,Yes
268,Emmaboda 1 V,Analogue,	145.77500,	145.17500,12.5,,,,,,,,None,None,Disabled,Master,No,No,No,120,Off,No,No,None,56.6314,15.5044,Yes
269,Emmaboda 2 U,Analogue,	434.78750,	432.78750,12.5,,,,,,,,79.7,79.7,Disabled,Master,No,No,No,120,Off,No,No,None,56.6314,15.5044,Yes
270,Eslov 2 U,Analogue,	434.81250,	432.81250,12.5,,,,,,,,79.7,79.7,Disabled,Master,No,No,No,120,Off,No,No,None,55.8246,13.2855,Yes
271,Everod VLS,Analogue,	145.23750,	145.23750,12.5,,,,,,,,None,None,Disabled,Master,No,No,No,120,Off,No,No,None,55.8998,14.0972,Yes
272,Farjestaden VLSE,Analogue,	145.23750,	145.23750,12.5,,,,,,,,None,None,Disabled,Master,No,No,No,120,Off,No,No,None,56.6449,16.4635,Yes
273,Gladsax 1 VI,Digital,	145.57500,	144.97500,,7,2,None,Default,None,Text,Text,,,,Master,No,No,No,120,Off,No,No,None,55.5611,14.2808,Yes
274,Gladsax 2 U,Analogue,	434.88750,	432.88750,12.5,,,,,,,,79.7,79.7,Disabled,Master,No,No,No,120,Off,No,No,None,55.5611,14.2808,Yes
275,Hallandsas 1 VS,Analogue,	145.78750,	145.18750,12.5,,,,,,,,225.7,225.7,Disabled,Master,No,No,No,120,Off,No,No,None,56.3878,12.9624,Yes
276,Hallandsas 2 US,Analogue,	434.66250,	432.66250,12.5,,,,,,,,79.7,79.7,Disabled,Master,No,No,No,120,Off,No,No,None,56.3878,12.9624,Yes
277,Helsingborg 2 U,Digital,	434.60000,	432.60000,,7,2,None,Default,None,Text,Text,,,,Master,No,No,No,120,Off,No,No,None,56.0362,12.704,Yes
278,Hillerstorp U,Analogue,	434.60000,	432.60000,12.5,,,,,,,,156.7,156.7,Disabled,Master,No,No,No,120,Off,No,No,None,57.3426,13.8567,Yes
279,Hultsfred V,Analogue,	145.76250,	145.16250,12.5,,,,,,,,None,None,Disabled,Master,No,No,No,120,Off,No,No,None,57.4948,15.8416,Yes
280,Huskvarna 1 U,Analogue,	434.75000,	432.75000,12.5,,,,,,,,156.7,156.7,Disabled,Master,No,No,No,120,Off,No,No,None,57.8233,14.2934,Yes
281,Huskvarna 2 V,Analogue,	145.75000,	145.15000,12.5,,,,,,,,156.7,156.7,Disabled,Master,No,No,No,120,Off,No,No,None,57.8233,14.2934,Yes
282,Horja V,Analogue,	145.76250,	145.16250,12.5,,,,,,,,79.7,79.7,Disabled,Master,No,No,No,120,Off,No,No,None,56.2364,13.6335,Yes
283,Hoor U,Digital,	434.91250,	432.91250,,7,2,None,Default,None,Text,Text,,,,Master,No,No,No,120,Off,No,No,None,55.9567,13.5661,Yes
284,Jonkoping 3 U,Digital,	434.97500,	432.97500,,7,2,None,Default,None,Text,Text,,,,Master,No,No,No,120,Off,No,No,None,57.7654,14.248,Yes
285,Jonkoping 4 VS,Analogue,	145.70000,	145.10000,12.5,,,,,,,,156.7,156.7,Disabled,Master,No,No,No,120,Off,No,No,None,57.7654,14.248,Yes
286,Karlshamn U,Analogue,	434.92500,	432.92500,12.5,,,,,,,,79.7,79.7,Disabled,Master,No,No,No,120,Off,No,No,None,56.1674,14.8601,Yes
287,Karlskrona 1 V,Analogue,	145.75000,	145.15000,12.5,,,,,,,,156.7,156.7,Disabled,Master,No,No,No,120,Off,No,No,None,56.2,15.62,Yes
288,Karlskrona 2 U,Analogue,	434.75000,	432.75000,12.5,,,,,,,,None,None,Disabled,Master,No,No,No,120,Off,No,No,None,56.2,15.62,Yes
289,Kristiansta 1 VS,Analogue,	145.73750,	145.13750,12.5,,,,,,,,79.7,79.7,Disabled,Master,No,No,No,120,Off,No,No,None,0,0,Yes
290,Kristianstad 2 U,Digital,	434.52500,	432.52500,,7,2,None,Default,None,Text,Text,,,,Master,No,No,No,120,Off,No,No,None,56.005,14.065,Yes
291,Linderod VI,Digital,	145.58750,	144.98750,,14,2,None,Default,None,Text,Text,,,,Master,No,No,No,120,Off,No,No,None,55.9166,13.75,Yes
292,Ljungby VSE,Analogue,	145.72500,	145.12500,12.5,,,,,,,,94.8,94.8,Disabled,Master,No,No,No,120,Off,No,No,None,56.9026,13.946,Yes
293,Lund 2 U,Digital,	434.58750,	432.58750,,7,2,None,Default,None,Text,Text,,,,Master,No,No,No,120,Off,No,No,None,55.7348,13.2308,Yes
294,Lund 3 U,Analogue,	434.72500,	432.72500,12.5,,,,,,,,79.7,79.7,Disabled,Master,No,No,No,120,Off,No,No,None,55.7292,13.2083,Yes
295,Lund 4 V,Analogue,	145.77500,	145.17500,12.5,,,,,,,,79.7,79.7,Disabled,Master,No,No,No,120,Off,No,No,None,55.697,13.284,Yes
296,Lonsboda 2 U,Digital,	434.95000,	432.95000,,7,2,None,Default,None,Text,Text,,,,Master,No,No,No,120,Off,No,No,None,56.3939,14.3208,Yes
297,Malmo 1 UI,Digital,	434.61250,	432.61250,,7,2,None,Default,None,Text,Text,,,,Master,No,No,No,120,Off,No,No,None,55.5781,13.0089,Yes
298,Malmo 2 U,Digital,	434.77500,	432.77500,,7,2,None,Default,None,Text,Text,,,,Master,No,No,No,120,Off,No,No,None,55.5978,12.9846,Yes
299,Moheda VSE,Analogue,	145.63750,	145.03750,12.5,,,,,,,,225.7,225.7,Disabled,Master,No,No,No,120,Off,No,No,None,56.9987,14.5844,Yes
300,Morbylanga VSE,Analogue,	145.62500,	145.02500,12.5,,,,,,,,79.7,79.7,Disabled,Master,No,No,No,120,Off,No,No,None,56.5151,16.4392,Yes
301,Nybro V,Analogue,	145.68750,	145.08750,12.5,,,,,,,,79.7,79.7,Disabled,Master,No,No,No,120,Off,No,No,None,56.6875,15.7917,Yes
302,Nassjo 1 V,Digital,	145.58750,	144.98750,,7,2,None,Default,None,Text,Text,,,,Master,No,No,No,120,Off,No,No,None,57.65,14.7,Yes
303,Nassjo 2 V,Analogue,	145.65000,	145.05000,12.5,,,,,,,,156.7,156.7,Disabled,Master,No,No,No,120,Off,No,No,None,57.65,14.7,Yes
304,Nassjo 3 U,Analogue,	434.85000,	432.85000,12.5,,,,,,,,None,None,Disabled,Master,No,No,No,120,Off,No,No,None,57.65,14.7,Yes
305,Nassjo 4 U,Digital,	434.90000,	432.90000,,7,2,None,Default,None,Text,Text,,,,Master,No,No,No,120,Off,No,No,None,57.65,14.7,Yes
306,Olofstrom 1 VE,Analogue,	145.70000,	145.10000,12.5,,,,,,,,67.0,67.0,Disabled,Master,No,No,No,120,Off,No,No,None,56.2292,14.4583,Yes
307,Olofstrom 2 UI,Digital,	434.71250,	432.71250,,7,2,None,Default,None,Text,Text,,,,Master,No,No,No,120,Off,No,No,None,56.2292,14.4583,Yes
308,Oskarshamn 1 V,Analogue,	145.72500,	145.12500,12.5,,,,,,,,None,None,Disabled,Master,No,No,No,120,Off,No,No,None,57.26,16.4,Yes
309,Oskarshamn 2 U,Analogue,	434.72500,	432.72500,12.5,,,,,,,,None,None,Disabled,Master,No,No,No,120,Off,No,No,None,57.26,16.4,Yes
310,Sjobo U,Digital,	434.92500,	432.92500,,7,2,None,Default,None,Text,Text,,,,Master,No,No,No,120,Off,No,No,None,55.6408,13.709,Yes
311,Spjutsbygd 1 VS,Analogue,	145.72500,	145.12500,12.5,,,,,,,,79.7,79.7,Disabled,Master,No,No,No,120,Off,No,No,None,56.3121,15.5971,Yes
312,Soderasen 1 VS,Analogue,	145.65000,	145.05000,12.5,,,,,,,,None,None,Disabled,Master,No,No,No,120,Off,No,No,None,56.0517,13.1047,Yes
313,Soderasen 2 U,Digital,	434.65000,	432.65000,,7,2,None,Default,None,Text,Text,,,,Master,No,No,No,120,Off,No,No,None,56.0517,13.1047,Yes
314,Soderasen 3 VLA,Analogue,	145.23750,	145.23750,12.5,,,,,,,,79.7,79.7,Disabled,Master,No,No,No,120,Off,No,No,None,56.0517,13.1047,Yes
315,Sodra_Vi 1 U,Digital,	434.66250,	432.66250,,7,2,None,Default,None,Text,Text,,,,Master,No,No,No,120,Off,No,No,None,0,0,Yes
316,Sodra_Vi 2 ULAE,Analogue,	433.50000,	433.50000,12.5,,,,,,,,None,None,Disabled,Master,No,No,No,120,Off,No,No,None,0,0,Yes
317,Solvesborg 2 U,Analogue,	434.62500,	432.62500,12.5,,,,,,,,67.0,67.0,Disabled,Master,No,No,No,120,Off,No,No,None,56.0489,14.5844,Yes
318,Tomelilla U,Digital,	434.63750,	432.63750,,7,2,None,Default,None,Text,Text,,,,Master,No,No,No,120,Off,No,No,None,55.5425,13.9559,Yes
319,Vetlanda 1 V,Analogue,	145.62500,	145.02500,12.5,,,,,,,,156.7,156.7,Disabled,Master,No,No,No,120,Off,No,No,None,57.499,15.244,Yes
320,Vetlanda 2 U,Analogue,	434.62500,	432.62500,12.5,,,,,,,,156.7,156.7,Disabled,Master,No,No,No,120,Off,No,No,None,57.499,15.244,Yes
321,Vitaby V,Analogue,	145.61250,	145.01250,12.5,,,,,,,,79.7,79.7,Disabled,Master,No,No,No,120,Off,No,No,None,55.6955,14.16,Yes
322,Varnamo 1 V,Analogue,	145.60000,	145.00000,12.5,,,,,,,,156.7,156.7,Disabled,Master,No,No,No,120,Off,No,No,None,57.1816,14.0785,Yes
323,Vastervik 1 V,Analogue,	145.67500,	145.07500,12.5,,,,,,,,77.0,77.0,Disabled,Master,No,No,No,120,Off,No,No,None,57.7567,16.6182,Yes
324,Vastervik 2 U,Digital,	434.67500,	432.67500,,7,2,None,Default,None,Text,Text,,,,Master,No,No,No,120,Off,No,No,None,57.7937,16.5758,Yes
325,Vaxjo 1 VSE,Analogue,	145.67500,	145.07500,12.5,,,,,,,,156.7,156.7,Disabled,Master,No,No,No,120,Off,No,No,None,56.8666,14.8833,Yes
326,Vaxjo 2 U,Digital,	434.70000,	432.70000,,7,2,None,Default,None,Text,Text,,,,Master,No,No,No,120,Off,No,No,None,56.8666,14.8833,Yes
327,Vaxjo 4 VLA,Analogue,	145.23750,	145.23750,12.5,,,,,,,,None,None,Disabled,Master,No,No,No,120,Off,No,No,None,56.8795,14.7787,Yes
328,Orkelljunga U,Digital,	434.97500,	432.97500,,7,2,None,Default,None,Text,Text,,,,Master,No,No,No,120,Off,No,No,None,56.28,13.27,Yes
329,Arendal V,Analogue,	145.70000,	145.10000,12.5,,,,,,,,192.8,192.8,Disabled,Master,No,No,No,120,Off,No,No,None,58.4636,8.7667,Yes
330,Barum U,Digital,	434.92500,	432.92500,,1,2,None,Default,None,Text,Text,,,,Master,No,No,No,120,Off,No,No,None,59.929,10.5165,Yes
331,Bergen 2 VE,Analogue,	145.75000,	145.15000,12.5,,,,,,,,97.4,97.4,Disabled,Master,No,No,No,120,Off,No,No,None,60.3958,5.375,Yes
332,Bergen 3 V,Analogue,	145.77500,	145.17500,12.5,,,,,,,,97.4,97.4,Disabled,Master,No,No,No,120,Off,No,No,None,61.0625,5.125,Yes
333,Bjerkreim V,Analogue,	145.71250,	145.11250,12.5,,,,,,,,110.9,110.9,Disabled,Master,No,No,No,120,Off,No,No,None,58.6331,5.9547,Yes
334,Bodo VI,Analogue,	145.75000,	145.15000,12.5,,,,,,,,88.5,88.5,Disabled,Master,No,No,No,120,Off,No,No,None,67.2803,14.4049,Yes
335,Drammen 1 U,Digital,	434.52500,	432.52500,,1,2,None,Default,None,Text,Text,,,,Master,No,No,No,120,Off,No,No,None,59.7559,10.2049,Yes
336,Drammen 2 V,Analogue,	145.72500,	145.12500,12.5,,,,,,,,74.4,74.4,Disabled,Master,No,No,No,120,Off,No,No,None,59.7291,10.2457,Yes
337,Drammen 3 U,Analogue,	434.72500,	432.72500,12.5,,,,,,,,74.4,74.4,Disabled,Master,No,No,No,120,Off,No,No,None,59.7291,10.2457,Yes
338,Egersund 2 V,Analogue,	145.72500,	145.12500,12.5,,,,,,,,107.2,107.2,Disabled,Master,No,No,No,120,Off,No,No,None,58.6042,6.2916,Yes
339,Eidsvoll U,Analogue,	434.87500,	432.87500,12.5,,,,,,,,82.5,82.5,Disabled,Master,No,No,No,120,Off,No,No,None,60.3958,11.125,Yes
340,Eirefjell V,Analogue,	145.71250,	145.11250,12.5,,,,,,,,74.4,74.4,Disabled,Master,No,No,No,120,Off,No,No,None,59.49,8.09,Yes
341,Follo 1 U,Digital,	434.90000,	432.90000,,1,2,None,Default,None,Text,Text,,,,Master,No,No,No,120,Off,No,No,None,59.7708,11.0417,Yes
342,Follo 2 V,Analogue,	145.78750,	145.18750,12.5,,,,,,,,110.9,110.9,Disabled,Master,No,No,No,120,Off,No,No,None,59.7708,11.0417,Yes
343,Follo 3 U,Digital,	434.75000,	432.75000,,1,2,None,Default,None,Text,Text,,,,Master,No,No,No,120,Off,No,No,None,59.7708,10.7917,Yes
344,Fosen U,Analogue,	434.62500,	432.62500,12.5,,,,,,,,110.9,110.9,Disabled,Master,No,No,No,120,Off,No,No,None,63.3125,9.125,Yes
345,Fredrikstad 1 V,Analogue,	145.68750,	145.08750,12.5,,,,,,,,85.4,85.4,Disabled,Master,No,No,No,120,Off,No,No,None,59.2708,10.9583,Yes
346,Fredrikstad 2 U,Analogue,	434.70000,	432.70000,12.5,,,,,,,,85.4,85.4,Disabled,Master,No,No,No,120,Off,No,No,None,59.2314,10.9629,Yes
347,Fredrikstad 3 VL,Analogue,	145.25000,	145.25000,12.5,,,,,,,,100.0,100.0,Disabled,Master,No,No,No,120,Off,No,No,None,59.2292,10.9583,Yes
348,Gardermoen V,Analogue,	145.73750,	145.13750,12.5,,,,,,,,123.0,123.0,Disabled,Master,No,No,No,120,Off,No,No,None,60.3958,11.125,Yes
349,Gaustatoppen V,Analogue,	145.61250,	145.01250,12.5,,,,,,,,74.4,74.4,Disabled,Master,No,No,No,120,Off,No,No,None,59.8546,8.6492,Yes
350,Grimstad UI,Digital,	434.70000,	432.70000,,1,2,None,Default,None,Text,Text,,,,Master,No,No,No,120,Off,No,No,None,58.3824,8.5917,Yes
351,Harpefoss V,Analogue,	145.72500,	145.12500,12.5,,,,,,,,71.9,71.9,Disabled,Master,No,No,No,120,Off,No,No,None,61.5208,9.7916,Yes
352,Haugesund 1 U,Digital,	434.75000,	432.75000,,0,2,None,Default,None,Text,Text,,,,Master,No,No,No,120,Off,No,No,None,59.3542,5.2916,Yes
353,Haugesund 2 U,Analogue,	434.67500,	432.67500,12.5,,,,,,,,107.2,107.2,Disabled,Master,No,No,No,120,Off,No,No,None,0,0,Yes
354,Hokasen 1 V,Analogue,	145.71250,	145.11250,12.5,,,,,,,,71.9,71.9,Disabled,Master,No,No,No,120,Off,No,No,None,60.3241,12.1382,Yes
355,Hokasen 2 U,Analogue,	434.65000,	432.65000,12.5,,,,,,,,71.9,71.9,Disabled,Master,No,No,No,120,Off,No,No,None,60.3241,12.1382,Yes
356,Hokasen 3 U,Analogue,	434.56250,	432.56250,12.5,,,,,,,,71.9,71.9,Disabled,Master,No,No,No,120,Off,No,No,None,60.3241,12.1382,Yes
357,Holmestrand U,Digital,	434.65000,	432.65000,,1,2,None,Default,None,Text,Text,,,,Master,No,No,No,120,Off,No,No,None,59.546,10.196,Yes
358,Horten V,Analogue,	145.62500,	145.02500,12.5,,,,,,,,74.4,74.4,Disabled,Master,No,No,No,120,Off,No,No,None,59.3958,10.375,Yes
359,Hovassfjell V,Analogue,	145.60000,	145.00000,12.5,,,,,,,,192.8,192.8,Disabled,Master,No,No,No,120,Off,No,No,None,58.9951,7.7347,Yes
360,Kirkenes V,Analogue,	145.75000,	145.15000,12.5,,,,,,,,None,None,Disabled,Master,No,No,No,120,Off,No,No,None,69.6952,30.0582,Yes
361,Kongsberg 1 U,Digital,	434.83750,	432.83750,,0,2,None,Default,None,Text,Text,,,,Master,No,No,No,120,Off,No,No,None,59.6709,9.5748,Yes
362,Kongsberg 2 V,Analogue,	145.70000,	145.10000,12.5,,,,,,,,74.4,74.4,Disabled,Master,No,No,No,120,Off,No,No,None,59.6875,9.5416,Yes
363,Kongsberg 3 U,Analogue,	434.62500,	432.62500,12.5,,,,,,,,None,None,Disabled,Master,No,No,No,120,Off,No,No,None,59.6709,9.5748,Yes
364,Kongsvinger 1 U,Analogue,	434.62500,	432.62500,12.5,,,,,,,,71.9,71.9,Disabled,Master,No,No,No,120,Off,No,No,None,60.1726,11.988,Yes
365,Kongsvinger 3 V,Analogue,	145.65000,	145.05000,12.5,,,,,,,,71.9,71.9,Disabled,Master,No,No,No,120,Off,No,No,None,60.1726,11.988,Yes
366,Kragero U,Analogue,	434.85000,	432.85000,12.5,,,,,,,,74.4,74.4,Disabled,Master,No,No,No,120,Off,No,No,None,58.8679,9.3805,Yes
367,Kristianstad 3 V,Analogue,	145.75000,	145.15000,12.5,,,,,,,,123.0,123.0,Disabled,Master,No,No,No,120,Off,No,No,None,0,0,Yes
368,Kristianstad 4 V,Analogue,	145.60000,	145.00000,12.5,,,,,,,,82.5,82.5,Disabled,Master,No,No,No,120,Off,No,No,None,0,0,Yes
369,Kvelde U,Analogue,	434.67500,	432.67500,12.5,,,,,,,,74.4,74.4,Disabled,Master,No,No,No,120,Off,No,No,None,59.198,9.958,Yes
370,Larvik VL,Analogue,	144.65000,	144.65000,12.5,,,,,,,,88.5,88.5,Disabled,Master,No,No,No,120,Off,No,No,None,59.0208,9.9583,Yes
371,Meloy VLE,Analogue,	145.28750,	145.28750,12.5,,,,,,,,None,None,Disabled,Master,No,No,No,120,Off,No,No,None,66.8798,13.7178,Yes
372,Mo_i_Rana 1 U,Digital,	434.85000,	432.85000,,0,2,None,Default,None,Text,Text,,,,Master,No,No,No,120,Off,No,No,None,0,0,Yes
373,Mo_i_Rana 2 VE,Analogue,	145.67500,	145.07500,12.5,,,,,,,,88.5,88.5,Disabled,Master,No,No,No,120,Off,No,No,None,0,0,Yes
374,Mo_i_Rana 3 VLI,Analogue,	145.33750,	145.33750,12.5,,,,,,,,88.5,88.5,Disabled,Master,No,No,No,120,Off,No,No,None,0,0,Yes
375,Mosjoen 2 VLI,Analogue,	145.28750,	145.28750,12.5,,,,,,,,71.9,71.9,Disabled,Master,No,No,No,120,Off,No,No,None,65.8369,13.1934,Yes
376,Moss VE,Analogue,	145.66250,	145.06250,12.5,,,,,,,,123.0,123.0,Disabled,Master,No,No,No,120,Off,No,No,None,59.3674,10.8129,Yes
377,Nesna ULI,Analogue,	433.95000,	433.95000,12.5,,,,,,,,88.5,88.5,Disabled,Master,No,No,No,120,Off,No,No,None,66.2464,12.9318,Yes
378,Nesodden V,Analogue,	145.67500,	145.07500,12.5,,,,,,,,123.0,123.0,Disabled,Master,No,No,No,120,Off,No,No,None,59.8233,10.65,Yes
379,Notodden 1 U,Analogue,	434.92500,	432.92500,12.5,,,,,,,,74.4,74.4,Disabled,Master,No,No,No,120,Off,No,No,None,59.4792,9.0416,Yes
380,Notodden 2 VL,Analogue,	144.67500,	144.67500,12.5,,,,,,,,88.5,88.5,Disabled,Master,No,No,No,120,Off,No,No,None,59.4792,9.0416,Yes
381,Oppdal V,Analogue,	145.77500,	145.17500,12.5,,,,,,,,None,None,Disabled,Master,No,No,No,120,Off,No,No,None,62.5625,9.7083,Yes
382,Oslo 1 UE,Analogue,	434.97500,	432.97500,12.5,,,,,,,,123.0,123.0,Disabled,Master,No,No,No,120,Off,No,No,None,59.782,10.41,Yes
383,Oslo 2 U,Analogue,	434.77500,	432.77500,12.5,,,,,,,,123.0,123.0,Disabled,Master,No,No,No,120,Off,No,No,None,59.896,10.792,Yes
384,Oslo 3 V,Analogue,	145.60000,	145.00000,12.5,,,,,,,,123.0,123.0,Disabled,Master,No,No,No,120,Off,No,No,None,59.979,10.708,Yes
385,Ralingen 1 U,Analogue,	434.82500,	432.82500,12.5,,,,,,,,None,None,Disabled,Master,No,No,No,120,Off,No,No,None,59.9375,11.0417,Yes
386,Ralingen 2 VE,Analogue,	145.76250,	145.16250,12.5,,,,,,,,77.0,77.0,Disabled,Master,No,No,No,120,Off,No,No,None,59.9375,11.0417,Yes
387,Risor V,Analogue,	145.77500,	145.17500,12.5,,,,,,,,107.2,107.2,Disabled,Master,No,No,No,120,Off,No,No,None,58.7675,9.1058,Yes
388,Rodoy VLI,Analogue,	145.31250,	145.31250,12.5,,,,,,,,88.5,88.5,Disabled,Master,No,No,No,120,Off,No,No,None,66.7199,12.7777,Yes
389,Sandefjord 1 U,Analogue,	434.80000,	432.80000,12.5,,,,,,,,74.4,74.4,Disabled,Master,No,No,No,120,Off,No,No,None,59.039,10.202,Yes
390,Sandefjord 2 V,Analogue,	145.75000,	145.15000,12.5,,,,,,,,74.4,74.4,Disabled,Master,No,No,No,120,Off,No,No,None,59.1458,10.2083,Yes
391,Sandnessjoen 1 U,Digital,	434.80000,	432.80000,,1,2,None,Default,None,Text,Text,,,,Master,No,No,No,120,Off,No,No,None,66.0062,12.6179,Yes
392,Sandnessjoen 2 V,Analogue,	145.72500,	145.12500,12.5,,,,,,,,None,None,Disabled,Master,No,No,No,120,Off,No,No,None,65.9143,12.1817,Yes
393,Skien 1 U,Digital,	434.51250,	432.51250,,1,2,None,Default,None,Text,Text,,,,Master,No,No,No,120,Off,No,No,None,59.235,9.699,Yes
394,Skien 2 V,Analogue,	145.65000,	145.05000,12.5,,,,,,,,74.4,74.4,Disabled,Master,No,No,No,120,Off,No,No,None,59.235,9.699,Yes
395,Skien 3 U,Analogue,	434.61250,	432.61250,12.5,,,,,,,,74.4,74.4,Disabled,Master,No,No,No,120,Off,No,No,None,59.235,9.699,Yes
396,Skien 4 U,Analogue,	434.58750,	432.58750,12.5,,,,,,,,74.4,74.4,Disabled,Master,No,No,No,120,Off,No,No,None,59.235,9.699,Yes
397,Skotterud VL,Analogue,	144.66250,	144.66250,12.5,,,,,,,,71.9,71.9,Disabled,Master,No,No,No,120,Off,No,No,None,59.9608,12.0957,Yes
398,Stavanger 2 V,Analogue,	145.77500,	145.17500,12.5,,,,,,,,88.5,88.5,Disabled,Master,No,No,No,120,Off,No,No,None,59.2218,5.4244,Yes
399,Sunnhordland V,Analogue,	145.62500,	145.02500,12.5,,,,,,,,79.7,79.7,Disabled,Master,No,No,No,120,Off,No,No,None,59.8739,5.4943,Yes
400,S._Sunnmore VE,Analogue,	145.72500,	145.12500,12.5,,,,,,,,None,None,Disabled,Master,No,No,No,120,Off,No,No,None,0,0,Yes
401,Tonsberg U,Analogue,	434.95000,	432.95000,12.5,,,,,,,,74.4,74.4,Disabled,Master,No,No,No,120,Off,No,No,None,59.2708,10.375,Yes
402,Torseterkampen U,Analogue,	434.75000,	432.75000,12.5,,,,,,,,71.9,71.9,Disabled,Master,No,No,No,120,Off,No,No,None,60.6875,11.375,Yes
403,Tromso 2 U,Analogue,	434.75000,	432.75000,12.5,,,,,,,,91.5,91.5,Disabled,Master,No,No,No,120,Off,No,No,None,69.3833,20.1892,Yes
404,Tromso 3 V,Analogue,	145.62500,	145.02500,12.5,,,,,,,,123.0,123.0,Disabled,Master,No,No,No,120,Off,No,No,None,70.0625,20.4583,Yes
405,Tromso 4 V,Analogue,	145.75000,	145.15000,12.5,,,,,,,,123.0,123.0,Disabled,Master,No,No,No,120,Off,No,No,None,69.5744,18.4106,Yes
406,Tromso 5 U,Analogue,	434.72500,	432.72500,12.5,,,,,,,,123.0,123.0,Disabled,Master,No,No,No,120,Off,No,No,None,69.7232,18.7535,Yes
407,Vangsasen U,Digital,	434.70000,	434.70000,,0,2,None,Default,None,Text,Text,,,,Master,No,No,No,120,Off,No,No,None,60.9413,11.1913,Yes
408,Verdal 2 VL,Analogue,	145.45000,	145.45000,12.5,,,,,,,,None,None,Disabled,Master,No,No,No,120,Off,No,No,None,63.8116,11.541,Yes
409,Vesteralen V,Analogue,	145.60000,	145.00000,12.5,,,,,,,,123.0,123.0,Disabled,Master,No,No,No,120,Off,No,No,None,68.5625,14.875,Yes
410,Alvdalen 2 V,Analogue,	145.60000,	145.00000,12.5,,,,,,,,71.9,71.9,Disabled,Master,No,No,No,120,Off,No,No,None,0,0,Yes
411,Artjarvi U,Analogue,	434.77500,	433.17500,12.5,,,,,,,,None,None,Disabled,Master,No,No,No,120,Off,No,No,None,60.75,26.083,Yes
412,Dalkarby V,Analogue,	145.67500,	145.07500,12.5,,,,,,,,67.0,67.0,Disabled,Master,No,No,No,120,Off,No,No,None,60.1416,19.9551,Yes
413,Erkyla V,Analogue,	145.72500,	145.12500,12.5,,,,,,,,None,None,Disabled,Master,No,No,No,120,Off,No,No,None,60.7023,24.9186,Yes
414,Espoo 1 U,Digital,	434.51250,	432.51250,,0,2,None,Default,None,Text,Text,,,,Master,No,No,No,120,Off,No,No,None,60.1564,24.6613,Yes
415,Espoo 2 V,Analogue,	145.78750,	145.18750,12.5,,,,,,,,118.8,118.8,Disabled,Master,No,No,No,120,Off,No,No,None,60.18,24.75,Yes
416,Espoo 3 V,Analogue,	145.62500,	145.02500,12.5,,,,,,,,118.8,118.8,Disabled,Master,No,No,No,120,Off,No,No,None,60.18,24.75,Yes
417,Espoo 4 U,Analogue,	434.82500,	432.82500,12.5,,,,,,,,118.8,118.8,Disabled,Master,No,No,No,120,Off,No,No,None,60.18,24.75,Yes
418,Forssa V,Analogue,	145.65000,	145.05000,12.5,,,,,,,,None,None,Disabled,Master,No,No,No,120,Off,No,No,None,60.819,23.621,Yes
419,Helsinki 1 U,Digital,	434.57500,	432.57500,,0,2,None,Default,None,Text,Text,,,,Master,No,No,No,120,Off,No,No,None,60.1969,24.9368,Yes
420,Helsinki 2 V,Analogue,	145.75000,	145.15000,12.5,,,,,,,,118.8,118.8,Disabled,Master,No,No,No,120,Off,No,No,None,60.2006,24.9388,Yes
421,Hameenlinna 2 V,Analogue,	145.67500,	145.07500,12.5,,,,,,,,None,None,Disabled,Master,No,No,No,120,Off,No,No,None,60.9502,24.4845,Yes
422,Hameenlinna 3 U,Analogue,	434.62500,	432.62500,12.5,,,,,,,,None,None,Disabled,Master,No,No,No,120,Off,No,No,None,60.9502,24.4845,Yes
423,Hamina U,Analogue,	434.92500,	433.32500,12.5,,,,,,,,None,None,Disabled,Master,No,No,No,120,Off,No,No,None,60.6458,27.125,Yes
424,Iisalmi 1 V,Analogue,	145.65000,	145.05000,12.5,,,,,,,,None,None,Disabled,Master,No,No,No,120,Off,No,No,None,63.567,27.183,Yes
425,Iisalmi 2 U,Analogue,	434.75000,	433.15000,12.5,,,,,,,,None,None,Disabled,Master,No,No,No,120,Off,No,No,None,63.567,27.183,Yes
426,Jakobstad 1 VE,Analogue,	145.62500,	145.02500,12.5,,,,,,,,None,None,Disabled,Master,No,No,No,120,Off,No,No,None,63.6985,22.71,Yes
427,Jakobstad 2 U,Analogue,	434.70000,	432.70000,12.5,,,,,,,,110.9,110.9,Disabled,Master,No,No,No,120,Off,No,No,None,63.6716,22.6857,Yes
428,Jamijarvi U,Analogue,	434.97500,	432.97500,12.5,,,,,,,,None,None,Disabled,Master,No,No,No,120,Off,No,No,None,61.7765,22.7225,Yes
429,Jamsa 2 V,Analogue,	145.60000,	145.00000,12.5,,,,,,,,None,None,Disabled,Master,No,No,No,120,Off,No,No,None,61.8958,25.2917,Yes
430,Jamsankoski U,Analogue,	434.70000,	433.10000,12.5,,,,,,,,None,None,Disabled,Master,No,No,No,120,Off,No,No,None,61.9375,25.2083,Yes
431,Jarvenpaa U,Analogue,	434.65000,	432.65000,12.5,,,,,,,,118.8,118.8,Disabled,Master,No,No,No,120,Off,No,No,None,60.478,25.083,Yes
432,Joensuu 1 V,Analogue,	145.75000,	145.15000,12.5,,,,,,,,None,None,Disabled,Master,No,No,No,120,Off,No,No,None,62.6,29.767,Yes
433,Joensuu 2 U,Analogue,	434.65000,	433.05000,12.5,,,,,,,,None,None,Disabled,Master,No,No,No,120,Off,No,No,None,62.6,29.767,Yes
434,Joensuu 3 V,Analogue,	145.72500,	145.12500,12.5,,,,,,,,118.8,118.8,Disabled,Master,No,No,No,120,Off,No,No,None,62.5784,29.83,Yes
435,Jomala U,Digital,	434.55000,	432.55000,,1,2,None,Default,None,Text,Text,,,,Master,No,No,No,120,Off,No,No,None,60.13,19.93,Yes
436,Joutseno V,Analogue,	145.77500,	145.17500,12.5,,,,,,,,None,None,Disabled,Master,No,No,No,120,Off,No,No,None,61.0937,28.3808,Yes
437,Jyvaskyla 2 V,Analogue,	145.70000,	145.10000,12.5,,,,,,,,None,None,Disabled,Master,No,No,No,120,Off,No,No,None,62.233,25.733,Yes
438,Jyvaskyla 3 U,Analogue,	434.65000,	433.05000,12.5,,,,,,,,None,None,Disabled,Master,No,No,No,120,Off,No,No,None,62.2708,25.7083,Yes
439,Jyvaskyla 4 U,Analogue,	434.72500,	432.72500,12.5,,,,,,,,110.9,110.9,Disabled,Master,No,No,No,120,Off,No,No,None,62.2358,25.7208,Yes
440,Kaarina V,Analogue,	145.65000,	145.05000,12.5,,,,,,,,None,None,Disabled,Master,No,No,No,120,Off,No,No,None,60.391,22.376,Yes
441,Kajaani 1 V,Analogue,	145.70000,	145.10000,12.5,,,,,,,,None,None,Disabled,Master,No,No,No,120,Off,No,No,None,64.2034,27.7352,Yes
442,Kajaani 2 U,Analogue,	434.67500,	433.07500,12.5,,,,,,,,None,None,Disabled,Master,No,No,No,120,Off,No,No,None,64.2034,27.7352,Yes
443,Kankaanpaa V,Analogue,	145.62500,	145.02500,12.5,,,,,,,,None,None,Disabled,Master,No,No,No,120,Off,No,No,None,61.803,22.39,Yes
444,Kauhajoki U,Analogue,	434.87500,	433.27500,12.5,,,,,,,,None,None,Disabled,Master,No,No,No,120,Off,No,No,None,62.424,22.17,Yes
445,Kaustinen U,Analogue,	434.90000,	432.90000,12.5,,,,,,,,110.9,110.9,Disabled,Master,No,No,No,120,Off,No,No,None,63.533,23.7,Yes
446,Kemijarvi V,Analogue,	145.65000,	145.05000,12.5,,,,,,,,None,None,Disabled,Master,No,No,No,120,Off,No,No,None,66.7071,27.4475,Yes
447,Kiukainen V,Analogue,	145.72500,	145.12500,12.5,,,,,,,,None,None,Disabled,Master,No,No,No,120,Off,No,No,None,61.217,22.083,Yes
448,Kokkola 1,Digital,	145.57500,	144.97500,,1,2,None,Default,None,Text,Text,,,,Master,No,No,No,120,Off,No,No,None,0,0,Yes
449,Kokkola 2 V,Analogue,	145.70000,	145.10000,12.5,,,,,,,,None,None,Disabled,Master,No,No,No,120,Off,No,No,None,63.844,23.128,Yes
450,Kokkola 3 U,Analogue,	434.80000,	432.80000,12.5,,,,,,,,110.9,110.9,Disabled,Master,No,No,No,120,Off,No,No,None,63.844,23.128,Yes
451,Kokemaki U,Analogue,	434.65000,	433.05000,12.5,,,,,,,,None,None,Disabled,Master,No,No,No,120,Off,No,No,None,61.25,22.35,Yes
452,Kolari V,Analogue,	145.60000,	145.00000,12.5,,,,,,,,None,None,Disabled,Master,No,No,No,120,Off,No,No,None,67.5649,24.2236,Yes
453,Koski U,Analogue,	434.92500,	432.92500,12.5,,,,,,,,None,None,Disabled,Master,No,No,No,120,Off,No,No,None,60.6989,23.0332,Yes
454,Kotka 2 V,Analogue,	145.65000,	145.05000,12.5,,,,,,,,None,None,Disabled,Master,No,No,No,120,Off,No,No,None,60.485,26.866,Yes
455,Kouvola 2 U,Analogue,	434.85000,	433.25000,12.5,,,,,,,,None,None,Disabled,Master,No,No,No,120,Off,No,No,None,60.867,26.7,Yes
456,Kuopio V,Analogue,	145.60000,	145.00000,12.5,,,,,,,,118.8,118.8,Disabled,Master,No,No,No,120,Off,No,No,None,62.9,27.683,Yes
457,Kuusamo 1 V,Analogue,	145.72500,	145.12500,12.5,,,,,,,,None,None,Disabled,Master,No,No,No,120,Off,No,No,None,65.9433,29.1022,Yes
458,Kuusamo 2 U,Analogue,	434.72500,	433.12500,12.5,,,,,,,,None,None,Disabled,Master,No,No,No,120,Off,No,No,None,65.9433,29.1022,Yes
459,Kuusankoski V,Analogue,	145.70000,	145.10000,12.5,,,,,,,,None,None,Disabled,Master,No,No,No,120,Off,No,No,None,60.91,26.624,Yes
460,Lahti 1 U,Digital,	434.55000,	432.55000,,0,2,None,Default,None,Text,Text,,,,Master,No,No,No,120,Off,No,No,None,60.991,25.6739,Yes
461,Lahti 2 V,Analogue,	145.77500,	145.17500,12.5,,,,,,,,None,None,Disabled,Master,No,No,No,120,Off,No,No,None,60.9787,25.6487,Yes
462,Lahti 3 U,Analogue,	434.60000,	432.60000,12.5,,,,,,,,123.0,123.0,Disabled,Master,No,No,No,120,Off,No,No,None,60.9787,25.6487,Yes
463,Lappeenranta 2 U,Analogue,	434.77500,	432.77500,12.5,,,,,,,,None,None,Disabled,Master,No,No,No,120,Off,No,No,None,61.058,28.2093,Yes
464,Lapua V,Analogue,	145.65000,	145.05000,12.5,,,,,,,,None,None,Disabled,Master,No,No,No,120,Off,No,No,None,62.96,23.03,Yes
465,Lohja 2 V,Analogue,	145.60000,	145.00000,12.5,,,,,,,,None,None,Disabled,Master,No,No,No,120,Off,No,No,None,60.3477,24.0581,Yes
466,Lohja 3 U,Analogue,	434.72500,	433.12500,12.5,,,,,,,,None,None,Disabled,Master,No,No,No,120,Off,No,No,None,60.25,24.083,Yes
467,Loviisa 1 V,Analogue,	145.60000,	145.00000,12.5,,,,,,,,None,None,Disabled,Master,No,No,No,120,Off,No,No,None,60.456,26.222,Yes
468,Loviisa 2 U,Analogue,	434.70000,	433.10000,12.5,,,,,,,,None,None,Disabled,Master,No,No,No,120,Off,No,No,None,60.456,26.222,Yes
469,Mikkeli 1 U,Analogue,	434.75000,	433.15000,12.5,,,,,,,,None,None,Disabled,Master,No,No,No,120,Off,No,No,None,61.683,27.25,Yes
470,Mikkeli 2 V,Analogue,	145.75000,	145.15000,12.5,,,,,,,,None,None,Disabled,Master,No,No,No,120,Off,No,No,None,61.683,27.25,Yes
471,Narpio 1 V,Analogue,	145.70000,	145.10000,12.5,,,,,,,,None,None,Disabled,Master,No,No,No,120,Off,No,No,None,62.474,21.336,Yes
472,Narpio 2 U,Analogue,	434.80000,	433.20000,12.5,,,,,,,,None,None,Disabled,Master,No,No,No,120,Off,No,No,None,62.474,21.336,Yes
473,Nivala V,Analogue,	145.60000,	145.00000,12.5,,,,,,,,None,None,Disabled,Master,No,No,No,120,Off,No,No,None,63.923,24.958,Yes
474,Nurmes V,Analogue,	145.67500,	145.07500,12.5,,,,,,,,118.8,118.8,Disabled,Master,No,No,No,120,Off,No,No,None,63.544,29.145,Yes
475,Oulu 3 V,Analogue,	145.75000,	145.15000,12.5,,,,,,,,None,None,Disabled,Master,No,No,No,120,Off,No,No,None,65.0158,25.4965,Yes
476,Oulu 4 U,Analogue,	434.75000,	432.75000,12.5,,,,,,,,None,None,Disabled,Master,No,No,No,120,Off,No,No,None,64.901,25.5421,Yes
477,Oulu 5 U,Analogue,	434.97500,	432.97500,12.5,,,,,,,,114.8,114.8,Disabled,Master,No,No,No,120,Off,No,No,None,65.0602,25.473,Yes
478,Parainen U,Analogue,	434.85000,	433.25000,12.5,,,,,,,,None,None,Disabled,Master,No,No,No,120,Off,No,No,None,60.302,22.291,Yes
479,Pattijoki U,Analogue,	434.92500,	432.92500,12.5,,,,,,,,114.8,114.8,Disabled,Master,No,No,No,120,Off,No,No,None,64.6848,24.5692,Yes
480,Pieksamaki 1 U,Analogue,	434.80000,	432.80000,12.5,,,,,,,,None,None,Disabled,Master,No,No,No,120,Off,No,No,None,62.3,27.133,Yes
481,Pieksamaki 2 V,Analogue,	145.67500,	145.07500,12.5,,,,,,,,None,None,Disabled,Master,No,No,No,120,Off,No,No,None,62.3,27.133,Yes
482,Pihtipudas V,Analogue,	145.77500,	145.17500,12.5,,,,,,,,None,None,Disabled,Master,No,No,No,120,Off,No,No,None,63.376,25.575,Yes
483,Porvoo 2 U,Analogue,	434.87500,	432.87500,12.5,,,,,,,,None,None,Disabled,Master,No,No,No,120,Off,No,No,None,60.398,25.669,Yes
484,Rauma U,Analogue,	434.67500,	433.07500,12.5,,,,,,,,None,None,Disabled,Master,No,No,No,120,Off,No,No,None,61.134,21.505,Yes
485,Riihimaki U,Analogue,	434.67500,	432.67500,12.5,,,,,,,,None,None,Disabled,Master,No,No,No,120,Off,No,No,None,60.7565,24.8001,Yes
486,Rovaniemi 1 V,Analogue,	145.70000,	145.10000,12.5,,,,,,,,None,None,Disabled,Master,No,No,No,120,Off,No,No,None,66.6087,25.8401,Yes
487,Rovaniemi 2 U,Analogue,	434.70000,	432.70000,12.5,,,,,,,,None,None,Disabled,Master,No,No,No,120,Off,No,No,None,66.6087,25.8401,Yes
488,Saarijarvi UF,Digital,	434.51250,	432.51250,,1,2,None,Default,None,Text,Text,,,,Master,No,No,No,120,Off,No,No,None,62.7583,25.6024,Yes
489,Salo 1 V,Analogue,	145.70000,	145.10000,12.5,,,,,,,,None,None,Disabled,Master,No,No,No,120,Off,No,No,None,60.4,23.12,Yes
490,Salo 2 U,Analogue,	434.70000,	433.10000,12.5,,,,,,,,None,None,Disabled,Master,No,No,No,120,Off,No,No,None,60.4,23.12,Yes
491,Savonlinna V,Analogue,	145.62500,	145.02500,12.5,,,,,,,,103.5,103.5,Disabled,Master,No,No,No,120,Off,No,No,None,61.83,28.83,Yes
492,Seinajoki 1 U,Analogue,	434.67500,	432.67500,12.5,,,,,,,,110.9,110.9,Disabled,Master,No,No,No,120,Off,No,No,None,62.798,22.832,Yes
493,Seinajoki 2 V,Analogue,	145.67500,	145.07500,12.5,,,,,,,,110.9,110.9,Disabled,Master,No,No,No,120,Off,No,No,None,62.798,22.832,Yes
494,Tampere 2 UF,Digital,	434.52500,	432.52500,,1,2,None,Default,None,Text,Text,,,,Master,No,No,No,120,Off,No,No,None,61.4536,23.8323,Yes
495,Tampere 3 UF,Digital,	434.55000,	432.55000,,1,2,None,Default,None,Text,Text,,,,Master,No,No,No,120,Off,No,No,None,61.5077,23.6207,Yes
496,Tampere 4 V,Analogue,	145.75000,	145.15000,12.5,,,,,,,,123.0,123.0,Disabled,Master,No,No,No,120,Off,No,No,None,61.505,23.743,Yes
497,Tampere 5 U,Analogue,	434.85000,	432.85000,12.5,,,,,,,,123.0,123.0,Disabled,Master,No,No,No,120,Off,No,No,None,61.505,23.7433,Yes
498,Tervola 2 V,Analogue,	145.77500,	145.17500,12.5,,,,,,,,None,None,Disabled,Master,No,No,No,120,Off,No,No,None,66.1167,24.6989,Yes
499,Teuva U,Analogue,	434.92500,	433.32500,12.5,,,,,,,,None,None,Disabled,Master,No,No,No,120,Off,No,No,None,62.483,21.733,Yes
500,Tornio U,Analogue,	434.77500,	433.17500,12.5,,,,,,,,None,None,Disabled,Master,No,No,No,120,Off,No,No,None,65.768,24.1821,Yes
501,Turku V,Analogue,	145.77500,	145.17500,12.5,,,,,,,,None,None,Disabled,Master,No,No,No,120,Off,No,No,None,60.4792,22.2083,Yes
502,Uusikaupunki U,Analogue,	434.82500,	433.22500,12.5,,,,,,,,None,None,Disabled,Master,No,No,No,120,Off,No,No,None,60.801,21.411,Yes
503,Vaasa 1 U,Analogue,	434.75000,	432.75000,12.5,,,,,,,,None,None,Disabled,Master,No,No,No,120,Off,No,No,None,63.1,21.6,Yes
504,Vaasa 2 V,Analogue,	145.75000,	145.15000,12.5,,,,,,,,None,None,Disabled,Master,No,No,No,120,Off,No,No,None,63.1,21.6,Yes
505,Vantaa 2 U,Analogue,	434.90000,	432.90000,12.5,,,,,,,,None,None,Disabled,Master,No,No,No,120,Off,No,No,None,60.285,25.05,Yes
506,Vesijako U,Analogue,	434.80000,	432.80000,12.5,,,,,,,,None,None,Disabled,Master,No,No,No,120,Off,No,No,None,61.3542,25.0417,Yes
507,Virrat U,Digital,	434.90000,	432.90000,,0,2,None,Default,None,Text,Text,,,,Master,No,No,No,120,Off,No,No,None,62.27,23.7,Yes
508,Ylivieska 2 U,Analogue,	434.60000,	432.60000,12.5,,,,,,,,None,None,Disabled,Master,No,No,No,120,Off,No,No,None,64.083,24.55,Yes
509,Yllastunturi U,Analogue,	434.65000,	433.05000,12.5,,,,,,,,None,None,Disabled,Master,No,No,No,120,Off,No,No,None,67.5667,24.07,Yes
510,Aarhus U,Digital,	434.57500,	432.57500,,12,2,None,Default,None,Text,Text,,,,Master,No,No,No,120,Off,No,No,None,56.125,10.1666,Yes
511,Aalborg 1 V,Analogue,	145.65000,	145.05000,12.5,,,,,,,,94.8,94.8,Disabled,Master,No,No,No,120,Off,No,No,None,56.8888,9.819,Yes
512,Aalborg 2 U,Analogue,	434.96250,	432.96250,12.5,,,,,,,,94.8,94.8,Disabled,Master,No,No,No,120,Off,No,No,None,57.0529,9.9174,Yes
513,Aalborg 3 U+,Digital,	434.68750,	432.68750,,11,2,None,Default,None,Text,Text,,,,Master,No,No,No,120,Off,No,No,None,56.8888,9.819,Yes
514,Bandholm V,Analogue,	145.65000,	145.05000,12.5,,,,,,,,82.5,82.5,Disabled,Master,No,No,No,120,Off,No,No,None,54.837,11.48,Yes
515,Dutterhoj U,Analogue,	434.92500,	432.92500,12.5,,,,,,,,110.9,110.9,Disabled,Master,No,No,No,120,Off,No,No,None,55.8249,11.5361,Yes
516,Esbjerg 1 V,Analogue,	145.65000,	145.05000,12.5,,,,,,,,88.5,88.5,Disabled,Master,No,No,No,120,Off,No,No,None,55.4792,8.4583,Yes
517,Esbjerg 2 U,Analogue,	434.96250,	432.96250,12.5,,,,,,,,88.5,88.5,Disabled,Master,No,No,No,120,Off,No,No,None,55.5111,8.4384,Yes
518,Eskebjerg U,Analogue,	434.80000,	432.80000,12.5,,,,,,,,None,None,Disabled,Master,No,No,No,120,Off,No,No,None,55.712,11.306,Yes
519,Fredericia V,Analogue,	145.78750,	145.18750,12.5,,,,,,,,127.3,127.3,Disabled,Master,No,No,No,120,Off,No,No,None,55.5,9.6666,Yes
520,Frederikshav 2 U,Analogue,	434.97500,	432.97500,12.5,,,,,,,,None,None,Disabled,Master,No,No,No,120,Off,No,No,None,0,0,Yes
521,Frederikshav 3 U,Analogue,	434.82500,	432.82500,12.5,,,,,,,,94.8,94.8,Disabled,Master,No,No,No,120,Off,No,No,None,0,0,Yes
522,Fredrikstad 4 U,Digital,	434.62500,	432.62500,,11,2,None,Default,None,Text,Text,,,,Master,No,No,No,120,Off,No,No,None,0,0,Yes
523,Fredrikstad 5 U,Digital,	434.71250,	432.71250,,11,2,None,Default,None,Text,Text,,,,Master,No,No,No,120,Off,No,No,None,0,0,Yes
524,Gilleleje U,Digital,	434.85000,	432.85000,,14,2,None,Default,None,Text,Text,,,,Master,No,No,No,120,Off,No,No,None,56.1013,12.3217,Yes
525,Gorlose U,Digital,	434.70000,	432.70000,,14,2,None,Default,None,Text,Text,,,,Master,No,No,No,120,Off,No,No,None,55.8712,12.1938,Yes
526,Grenaa V,Analogue,	145.66250,	145.06250,12.5,,,,,,,,82.5,82.5,Disabled,Master,No,No,No,120,Off,No,No,None,56.438,10.875,Yes
527,Hanstholm V,Analogue,	145.73750,	145.13750,12.5,,,,,,,,94.8,94.8,Disabled,Master,No,No,No,120,Off,No,No,None,57.1042,8.625,Yes
528,Helsingor 1 V,Analogue,	145.61250,	145.01250,12.5,,,,,,,,None,None,Disabled,Master,No,No,No,120,Off,No,No,None,56.0228,12.5573,Yes
529,Helsingor 2 U,Digital,	434.63750,	432.63750,,0,2,None,Default,None,Text,Text,,,,Master,No,No,No,120,Off,No,No,None,56.0228,12.5573,Yes
530,Herlev U,Digital,	434.62500,	432.62500,,14,2,None,Default,None,Text,Text,,,,Master,No,No,No,120,Off,No,No,None,55.7315,12.4438,Yes
531,Herning 2 V,Analogue,	145.62500,	145.02500,12.5,,,,,,,,77.0,77.0,Disabled,Master,No,No,No,120,Off,No,No,None,56.2302,9.1633,Yes
532,Hjorring V,Analogue,	145.61250,	145.01250,12.5,,,,,,,,94.8,94.8,Disabled,Master,No,No,No,120,Off,No,No,None,57.4647,9.9394,Yes
533,Hobro U,Analogue,	434.72500,	432.72500,12.5,,,,,,,,94.8,94.8,Disabled,Master,No,No,No,120,Off,No,No,None,56.7266,9.8221,Yes
534,Hundborg V,Analogue,	145.78750,	145.18750,12.5,,,,,,,,94.8,94.8,Disabled,Master,No,No,No,120,Off,No,No,None,56.9166,8.4166,Yes
535,Knivsbjerg 1 U,Analogue,	434.72500,	432.72500,12.5,,,,,,,,None,None,Disabled,Master,No,No,No,120,Off,No,No,None,55.1422,9.4374,Yes
536,Knivsbjerg 2 V,Analogue,	145.72500,	145.12500,12.5,,,,,,,,None,None,Disabled,Master,No,No,No,120,Off,No,No,None,55.1422,9.4374,Yes
537,Maribo U,Analogue,	434.82500,	432.82500,12.5,,,,,,,,None,None,Disabled,Master,No,No,No,120,Off,No,No,None,54.7754,11.4849,Yes
538,Nykobing ULI,Analogue,	433.50000,	433.50000,12.5,,,,,,,,None,None,Disabled,Master,No,No,No,120,Off,No,No,None,54.7753,11.8748,Yes
539,Odense V,Analogue,	145.65000,	145.05000,12.5,,,,,,,,None,None,Disabled,Master,No,No,No,120,Off,No,No,None,55.3958,10.375,Yes
540,Randers V,Analogue,	145.72500,	145.12500,12.5,,,,,,,,77.0,77.0,Disabled,Master,No,No,No,120,Off,No,No,None,56.4792,10.0417,Yes
541,Regnemark U,Digital,	434.63750,	432.63750,,9,2,None,Default,None,Text,Text,,,,Master,No,No,No,120,Off,No,No,None,55.4633,12.0079,Yes
542,Ringsted 1 U,Analogue,	434.62500,	432.62500,12.5,,,,,,,,82.5,82.5,Disabled,Master,No,No,No,120,Off,No,No,None,55.4397,11.7962,Yes
543,Ringsted 2 V,Analogue,	145.62500,	145.02500,12.5,,,,,,,,82.5,82.5,Disabled,Master,No,No,No,120,Off,No,No,None,55.5,11.8333,Yes
544,Ringsted 3 U,Analogue,	434.86250,	432.86250,12.5,,,,,,,,82.5,82.5,Disabled,Master,No,No,No,120,Off,No,No,None,55.5,11.8333,Yes
545,Roret 1 V,Analogue,	145.70000,	145.10000,12.5,,,,,,,,82.5,82.5,Disabled,Master,No,No,No,120,Off,No,No,None,55.729,12.459,Yes
546,Roret 2 U,Analogue,	434.83750,	432.83750,12.5,,,,,,,,82.5,82.5,Disabled,Master,No,No,No,120,Off,No,No,None,55.7304,12.4941,Yes
547,Roskilde U,Analogue,	434.87500,	432.87500,12.5,,,,,,,,82.5,82.5,Disabled,Master,No,No,No,120,Off,No,No,None,55.6414,12.1208,Yes
548,Skive V,Analogue,	145.75000,	145.15000,12.5,,,,,,,,None,None,Disabled,Master,No,No,No,120,Off,No,No,None,56.585,9,Yes
549,Svendborg 1 V,Analogue,	145.75000,	145.15000,12.5,,,,,,,,71.9,71.9,Disabled,Master,No,No,No,120,Off,No,No,None,55.099,10.567,Yes
550,Svendborg 2 UE,Analogue,	434.87500,	432.87500,12.5,,,,,,,,71.9,71.9,Disabled,Master,No,No,No,120,Off,No,No,None,55.099,10.567,Yes
551,Saby V,Analogue,	145.77500,	145.17500,12.5,,,,,,,,None,None,Disabled,Master,No,No,No,120,Off,No,No,None,57.3314,10.5104,Yes
552,Skjoldbjerg V,Analogue,	145.73750,	145.13750,12.5,,,,,,,,77.0,77.0,Disabled,Master,No,No,No,120,Off,No,No,None,56.7083,9.0833,Yes
553,Soerup V,Analogue,	145.68750,	145.08750,12.5,,,,,,,,82.5,82.5,Disabled,Master,No,No,No,120,Off,No,No,None,55.2083,11.9166,Yes
554,Them V,Analogue,	145.63750,	145.03750,12.5,,,,,,,,None,None,Disabled,Master,No,No,No,120,Off,No,No,None,56.2083,8.1666,Yes
555,Torphoej V,Analogue,	145.77500,	145.17500,12.5,,,,,,,,88.5,88.5,Disabled,Master,No,No,No,120,Off,No,No,None,55.875,9.3333,Yes
556,Vejby V,Analogue,	145.72500,	145.12500,12.5,,,,,,,,82.5,82.5,Disabled,Master,No,No,No,120,Off,No,No,None,56.063,12.125,Yes
557,Vejle U,Analogue,	434.92500,	432.92500,12.5,,,,,,,,None,None,Disabled,Master,No,No,No,120,Off,No,No,None,55.7076,9.5368,Yes
558,Vejrhoj V,Analogue,	145.60000,	145.00000,12.5,,,,,,,,82.5,82.5,Disabled,Master,No,No,No,120,Off,No,No,None,55.8076,11.3951,Yes
559,Vestjylland V,Analogue,	145.60000,	145.00000,12.5,,,,,,,,77.0,77.0,Disabled,Master,No,No,No,120,Off,No,No,None,56.0843,8.3977,Yes
560,Vissenbjerg V,Analogue,	145.70000,	145.10000,12.5,,,,,,,,71.9,71.9,Disabled,Master,No,No,No,120,Off,No,No,None,55.3958,10.125,Yes
561,Vodskov U,Digital,	434.67500,	432.67500,,11,2,None,Default,None,Text,Text,,,,Master,No,No,No,120,Off,No,No,None,57.114,10.031,Yes
562,Vongshoj V,Analogue,	145.61250,	145.01250,12.5,,,,,,,,None,None,Disabled,Master,No,No,No,120,Off,No,No,None,55.1042,8.9583,Yes
563,Ydby V,Analogue,	145.70000,	145.10000,12.5,,,,,,,,94.8,94.8,Disabled,Master,No,No,No,120,Off,No,No,None,56.6666,8.3333,Yes
564,Yding 2 U,Analogue,	434.75000,	432.75000,12.5,,,,,,,,77.0,77.0,Disabled,Master,No,No,No,120,Off,No,No,None,55.9925,9.7958,Yes
565,Yding 3 V,Analogue,	145.67500,	145.07500,12.5,,,,,,,,77.0,77.0,Disabled,Master,No,No,No,120,Off,No,No,None,55.9583,9.75,Yes
566,Yding 4 U,Digital,	434.51250,	432.51250,,12,2,None,Default,None,Text,Text,,,,Master,No,No,No,120,Off,No,No,None,55.9583,9.75,Yes
567,Ostermarie V,Analogue,	145.65000,	145.05000,12.5,,,,,,,,None,None,Disabled,Master,No,No,No,120,Off,No,No,None,55.1458,14.7917,Yes
568,pi-star,Digital,	433.01250,	433.01250,,1,2,None,Default,None,Text,Text,,,,P1,No,No,No,120,Off,No,No,None,0,0,Yes
569,openSPOT2,Digital,	433.90000,	433.90000,,1,2,None,Default,None,Text,Text,,,,P1,No,No,No,120,Off,No,No,None,0,0,Yes
570,Crossbandsrptr,Analogue,	434.42500,	434.42500,12.5,,,,,,,,None,91.5,Disabled,P1,No,No,No,120,Off,No,No,None,0,0,Yes
571,XIL,Digital,	434.47500,	434.47500,,1,1,None,Default,None,Text,Text,,,,P1,No,No,No,120,Off,No,No,None,0,0,Yes
572,	145.500,Analogue,	145.50000,	145.50000,12.5,,,,,,,,None,None,Disabled,Master,No,No,No,120,Off,No,No,None,0,0,Yes
573,	433.500,Analogue,	433.50000,	433.50000,12.5,,,,,,,,None,None,Disabled,Master,No,No,No,120,Off,No,No,None,0,0,Yes
574,	145.375,Digital,	145.37500,	145.37500,,1,1,None,Default,None,Text,Text,,,,Master,No,No,No,120,Off,No,No,None,0,0,Yes
575,	433.450,Digital,	433.45000,	433.45000,,1,1,None,Default,None,Text,Text,,,,Master,No,No,No,120,Off,No,No,None,0,0,Yes
576,	145.225,Analogue,	145.22500,	145.22500,12.5,,,,,,,,None,None,Disabled,Master,No,No,No,120,Off,No,No,None,0,0,Yes
577,	145.450,Analogue,	145.45000,	145.45000,12.5,,,,,,,,None,None,Disabled,Master,No,No,No,120,Off,No,No,None,0,0,Yes
578,HS DMR,Digital,	434.47500,	434.47500,,1,2,None,Default,None,Text,Text,,,,P1,No,No,No,120,Off,No,No,None,0,0,Yes
579,APRS 1,Analogue,	144.80000,	144.80000,12.5,,,,,,,,None,None,Disabled,Master,No,No,No,120,Off,No,No,None,0,0,Yes
580,APRS 2,Analogue,	432.50000,	432.50000,12.5,,,,,,,,None,None,Disabled,Master,No,No,No,120,Off,No,No,None,0,0,Yes
581,APRS US,Analogue,	144.39000,	144.39000,12.5,,,,,,,,None,None,Disabled,Master,No,No,No,120,Off,No,No,None,0,0,Yes
582,APRS ISS,Analogue,	145.82500,	145.82500,12.5,,,,,,,,None,None,Disabled,Master,No,No,No,120,Off,No,No,None,0,0,Yes
583,PMR 1,Analogue,	446.00625,	446.00625,12.5,,,,,,,,None,62.5,Disabled,Master,No,No,No,120,Off,No,No,None,0,0,Yes
584,PMR 2,Analogue,	446.01875,	446.01875,12.5,,,,,,,,None,62.5,Disabled,Master,No,No,No,120,Off,No,No,None,0,0,Yes
585,PMR 3,Analogue,	446.03125,	446.03125,12.5,,,,,,,,None,62.5,Disabled,Master,No,No,No,120,Off,No,No,None,0,0,Yes
586,PMR 4,Analogue,	446.04375,	446.04375,12.5,,,,,,,,None,62.5,Disabled,Master,No,No,No,120,Off,No,No,None,0,0,Yes
587,PMR 5,Analogue,	446.05625,	446.05625,12.5,,,,,,,,None,62.5,Disabled,Master,No,No,No,120,Off,No,No,None,0,0,Yes
588,PMR 6,Analogue,	446.06875,	446.06875,12.5,,,,,,,,None,62.5,Disabled,Master,No,No,No,120,Off,No,No,None,0,0,Yes
589,PMR 7,Analogue,	446.08125,	446.08125,12.5,,,,,,,,None,62.5,Disabled,Master,No,No,No,120,Off,No,No,None,0,0,Yes
590,PMR 8,Analogue,	446.09375,	446.09375,12.5,,,,,,,,None,62.5,Disabled,Master,No,No,No,120,Off,No,No,None,0,0,Yes
591,PMR 9,Analogue,	446.10625,	446.10625,12.5,,,,,,,,None,62.5,Disabled,Master,No,No,No,120,Off,No,No,None,0,0,Yes
592,PMR 10,Analogue,	446.11875,	446.11875,12.5,,,,,,,,None,62.5,Disabled,Master,No,No,No,120,Off,No,No,None,0,0,Yes
593,PMR 11,Analogue,	446.13125,	446.13125,12.5,,,,,,,,None,62.5,Disabled,Master,No,No,No,120,Off,No,No,None,0,0,Yes
594,PMR 12,Analogue,	446.14375,	446.14375,12.5,,,,,,,,None,62.5,Disabled,Master,No,No,No,120,Off,No,No,None,0,0,Yes
595,PMR 13,Analogue,	446.15625,	446.15625,12.5,,,,,,,,None,62.5,Disabled,Master,No,No,No,120,Off,No,No,None,0,0,Yes
596,PMR 14,Analogue,	446.16875,	446.16875,12.5,,,,,,,,None,62.5,Disabled,Master,No,No,No,120,Off,No,No,None,0,0,Yes
597,PMR 15,Analogue,	446.18125,	446.18125,12.5,,,,,,,,None,62.5,Disabled,Master,No,No,No,120,Off,No,No,None,0,0,Yes
598,PMR 16,Analogue,	446.19375,	446.19375,12.5,,,,,,,,None,62.5,Disabled,Master,No,No,No,120,Off,No,No,None,0,0,Yes
599,	156.000,Analogue,	156.00000,	156.00000,12.5,,,,,,,,None,None,Disabled,Master,No,No,No,120,Off,No,No,None,0,0,Yes
600,SRBR 1,Analogue,	444.60000,	444.60000,12.5,,,,,,,,None,62.5,Disabled,Master,No,No,No,120,Off,No,No,None,0,0,Yes
601,SRBR 2,Analogue,	444.65000,	444.65000,12.5,,,,,,,,None,62.5,Disabled,Master,No,No,No,120,Off,No,No,None,0,0,Yes
602,SRBR 3,Analogue,	444.80000,	444.80000,12.5,,,,,,,,None,62.5,Disabled,Master,No,No,No,120,Off,No,No,None,0,0,Yes
603,SRBR 4,Analogue,	444.82500,	444.82500,12.5,,,,,,,,None,62.5,Disabled,Master,No,No,No,120,Off,No,No,None,0,0,Yes
604,SRBR 5,Analogue,	444.85000,	444.85000,12.5,,,,,,,,None,62.5,Disabled,Master,No,No,No,120,Off,No,No,None,0,0,Yes
605,SRBR 6,Analogue,	444.87500,	444.87500,12.5,,,,,,,,None,62.5,Disabled,Master,No,No,No,120,Off,No,No,None,0,0,Yes
606,SRBR 7,Analogue,	444.92500,	444.92500,12.5,,,,,,,,None,62.5,Disabled,Master,No,No,No,120,Off,No,No,None,0,0,Yes
607,SRBR 8,Analogue,	444.97500,	444.97500,12.5,,,,,,,,None,62.5,Disabled,Master,No,No,No,120,Off,No,No,None,0,0,Yes
608,LPD 1,Analogue,	433.07500,	433.07500,12.5,,,,,,,,None,62.5,Disabled,Master,No,No,No,120,Off,No,No,None,0,0,Yes
609,LPD 2,Analogue,	433.10000,	433.10000,12.5,,,,,,,,None,62.5,Disabled,Master,No,No,No,120,Off,No,No,None,0,0,Yes
610,LPD 3,Analogue,	433.12500,	433.12500,12.5,,,,,,,,None,62.5,Disabled,Master,No,No,No,120,Off,No,No,None,0,0,Yes
611,LPD 4,Analogue,	433.15000,	433.15000,12.5,,,,,,,,None,62.5,Disabled,Master,No,No,No,120,Off,No,No,None,0,0,Yes
612,LPD 5,Analogue,	433.17500,	433.17500,12.5,,,,,,,,None,62.5,Disabled,Master,No,No,No,120,Off,No,No,None,0,0,Yes
613,LPD 6,Analogue,	433.20000,	433.20000,12.5,,,,,,,,None,62.5,Disabled,Master,No,No,No,120,Off,No,No,None,0,0,Yes
614,LPD 7,Analogue,	433.22500,	433.22500,12.5,,,,,,,,None,62.5,Disabled,Master,No,No,No,120,Off,No,No,None,0,0,Yes
615,LPD 8,Analogue,	433.25000,	433.25000,12.5,,,,,,,,None,62.5,Disabled,Master,No,No,No,120,Off,No,No,None,0,0,Yes
616,LPD 9,Analogue,	433.27500,	433.27500,12.5,,,,,,,,None,62.5,Disabled,Master,No,No,No,120,Off,No,No,None,0,0,Yes
617,LPD 10,Analogue,	433.30000,	433.30000,12.5,,,,,,,,None,62.5,Disabled,Master,No,No,No,120,Off,No,No,None,0,0,Yes
618,LPD 11,Analogue,	433.32500,	433.32500,12.5,,,,,,,,None,62.5,Disabled,Master,No,No,No,120,Off,No,No,None,0,0,Yes
619,LPD 12,Analogue,	433.35000,	433.35000,12.5,,,,,,,,None,62.5,Disabled,Master,No,No,No,120,Off,No,No,None,0,0,Yes
620,LPD 13,Analogue,	433.37500,	433.37500,12.5,,,,,,,,None,62.5,Disabled,Master,No,No,No,120,Off,No,No,None,0,0,Yes
621,LPD 14,Analogue,	433.40000,	433.40000,12.5,,,,,,,,None,62.5,Disabled,Master,No,No,No,120,Off,No,No,None,0,0,Yes
622,LPD 15,Analogue,	433.42500,	433.42500,12.5,,,,,,,,None,62.5,Disabled,Master,No,No,No,120,Off,No,No,None,0,0,Yes
623,LPD 16,Analogue,	433.45000,	433.45000,12.5,,,,,,,,None,62.5,Disabled,Master,No,No,No,120,Off,No,No,None,0,0,Yes
624,LPD 17,Analogue,	433.47500,	433.47500,12.5,,,,,,,,None,62.5,Disabled,Master,No,No,No,120,Off,No,No,None,0,0,Yes
625,LPD 18,Analogue,	433.50000,	433.50000,12.5,,,,,,,,None,62.5,Disabled,Master,No,No,No,120,Off,No,No,None,0,0,Yes
626,LPD 19,Analogue,	433.52500,	433.52500,12.5,,,,,,,,None,62.5,Disabled,Master,No,No,No,120,Off,No,No,None,0,0,Yes
627,LPD 20,Analogue,	433.55000,	433.55000,12.5,,,,,,,,None,62.5,Disabled,Master,No,No,No,120,Off,No,No,None,0,0,Yes
628,LPD 21,Analogue,	433.57500,	433.57500,12.5,,,,,,,,None,62.5,Disabled,Master,No,No,No,120,Off,No,No,None,0,0,Yes
629,LPD 22,Analogue,	433.60000,	433.60000,12.5,,,,,,,,None,62.5,Disabled,Master,No,No,No,120,Off,No,No,None,0,0,Yes
630,LPD 23,Analogue,	433.62500,	433.62500,12.5,,,,,,,,None,62.5,Disabled,Master,No,No,No,120,Off,No,No,None,0,0,Yes
631,LPD 24,Analogue,	433.65000,	433.65000,12.5,,,,,,,,None,62.5,Disabled,Master,No,No,No,120,Off,No,No,None,0,0,Yes
632,LPD 25,Analogue,	433.67500,	433.67500,12.5,,,,,,,,None,62.5,Disabled,Master,No,No,No,120,Off,No,No,None,0,0,Yes
633,LPD 26,Analogue,	433.70000,	433.70000,12.5,,,,,,,,None,62.5,Disabled,Master,No,No,No,120,Off,No,No,None,0,0,Yes
634,LPD 27,Analogue,	433.72500,	433.72500,12.5,,,,,,,,None,62.5,Disabled,Master,No,No,No,120,Off,No,No,None,0,0,Yes
635,LPD 28,Analogue,	433.75000,	433.75000,12.5,,,,,,,,None,62.5,Disabled,Master,No,No,No,120,Off,No,No,None,0,0,Yes
636,LPD 29,Analogue,	433.77500,	433.77500,12.5,,,,,,,,None,62.5,Disabled,Master,No,No,No,120,Off,No,No,None,0,0,Yes
637,LPD 30,Analogue,	433.80000,	433.80000,12.5,,,,,,,,None,62.5,Disabled,Master,No,No,No,120,Off,No,No,None,0,0,Yes
638,LPD 31,Analogue,	433.82500,	433.82500,12.5,,,,,,,,None,62.5,Disabled,Master,No,No,No,120,Off,No,No,None,0,0,Yes
639,LPD 32,Analogue,	433.85000,	433.85000,12.5,,,,,,,,None,62.5,Disabled,Master,No,No,No,120,Off,No,No,None,0,0,Yes
640,LPD 33,Analogue,	433.87500,	433.87500,12.5,,,,,,,,None,62.5,Disabled,Master,No,No,No,120,Off,No,No,None,0,0,Yes
641,LPD 34,Analogue,	433.90000,	433.90000,12.5,,,,,,,,None,62.5,Disabled,Master,No,No,No,120,Off,No,No,None,0,0,Yes
642,LPD 35,Analogue,	433.92500,	433.92500,12.5,,,,,,,,None,62.5,Disabled,Master,No,No,No,120,Off,No,No,None,0,0,Yes
643,LPD 36,Analogue,	433.95000,	433.95000,12.5,,,,,,,,None,62.5,Disabled,Master,No,No,No,120,Off,No,No,None,0,0,Yes
644,LPD 37,Analogue,	433.97500,	433.97500,12.5,,,,,,,,None,62.5,Disabled,Master,No,No,No,120,Off,No,No,None,0,0,Yes
645,LPD 38,Analogue,	434.00000,	434.00000,12.5,,,,,,,,None,62.5,Disabled,Master,No,No,No,120,Off,No,No,None,0,0,Yes
646,LPD 39,Analogue,	434.02500,	434.02500,12.5,,,,,,,,None,62.5,Disabled,Master,No,No,No,120,Off,No,No,None,0,0,Yes
647,LPD 40,Analogue,	434.05000,	434.05000,12.5,,,,,,,,None,62.5,Disabled,Master,No,No,No,120,Off,No,No,None,0,0,Yes
648,LPD 41,Analogue,	434.07500,	434.07500,12.5,,,,,,,,None,62.5,Disabled,Master,No,No,No,120,Off,No,No,None,0,0,Yes
649,LPD 42,Analogue,	434.10000,	434.10000,12.5,,,,,,,,None,62.5,Disabled,Master,No,No,No,120,Off,No,No,None,0,0,Yes
650,LPD 43,Analogue,	434.12500,	434.12500,12.5,,,,,,,,None,62.5,Disabled,Master,No,No,No,120,Off,No,No,None,0,0,Yes
651,LPD 44,Analogue,	434.15000,	434.15000,12.5,,,,,,,,None,62.5,Disabled,Master,No,No,No,120,Off,No,No,None,0,0,Yes
652,LPD 45,Analogue,	434.17500,	434.17500,12.5,,,,,,,,None,62.5,Disabled,Master,No,No,No,120,Off,No,No,None,0,0,Yes
653,LPD 46,Analogue,	434.20000,	434.20000,12.5,,,,,,,,None,62.5,Disabled,Master,No,No,No,120,Off,No,No,None,0,0,Yes
654,LPD 47,Analogue,	434.22500,	434.22500,12.5,,,,,,,,None,62.5,Disabled,Master,No,No,No,120,Off,No,No,None,0,0,Yes
655,LPD 48,Analogue,	434.25000,	434.25000,12.5,,,,,,,,None,62.5,Disabled,Master,No,No,No,120,Off,No,No,None,0,0,Yes
656,LPD 49,Analogue,	434.27500,	434.27500,12.5,,,,,,,,None,62.5,Disabled,Master,No,No,No,120,Off,No,No,None,0,0,Yes
657,LPD 50,Analogue,	434.30000,	434.30000,12.5,,,,,,,,None,62.5,Disabled,Master,No,No,No,120,Off,No,No,None,0,0,Yes
658,LPD 51,Analogue,	434.32500,	434.32500,12.5,,,,,,,,None,62.5,Disabled,Master,No,No,No,120,Off,No,No,None,0,0,Yes
659,LPD 52,Analogue,	434.35000,	434.35000,12.5,,,,,,,,None,62.5,Disabled,Master,No,No,No,120,Off,No,No,None,0,0,Yes
660,LPD 53,Analogue,	434.37500,	434.37500,12.5,,,,,,,,None,62.5,Disabled,Master,No,No,No,120,Off,No,No,None,0,0,Yes
661,LPD 54,Analogue,	434.40000,	434.40000,12.5,,,,,,,,None,62.5,Disabled,Master,No,No,No,120,Off,No,No,None,0,0,Yes
662,LPD 55,Analogue,	434.42500,	434.42500,12.5,,,,,,,,None,62.5,Disabled,Master,No,No,No,120,Off,No,No,None,0,0,Yes
663,LPD 56,Analogue,	434.45000,	434.45000,12.5,,,,,,,,None,62.5,Disabled,Master,No,No,No,120,Off,No,No,None,0,0,Yes
664,LPD 57,Analogue,	434.47500,	434.47500,12.5,,,,,,,,None,62.5,Disabled,Master,No,No,No,120,Off,No,No,None,0,0,Yes
665,LPD 58,Analogue,	434.50000,	434.50000,12.5,,,,,,,,None,62.5,Disabled,Master,No,No,No,120,Off,No,No,None,0,0,Yes
666,LPD 59,Analogue,	434.52500,	434.52500,12.5,,,,,,,,None,62.5,Disabled,Master,No,No,No,120,Off,No,No,None,0,0,Yes
667,LPD 60,Analogue,	434.55000,	434.55000,12.5,,,,,,,,None,62.5,Disabled,Master,No,No,No,120,Off,No,No,None,0,0,Yes
668,LPD 61,Analogue,	434.57500,	434.57500,12.5,,,,,,,,None,62.5,Disabled,Master,No,No,No,120,Off,No,No,None,0,0,Yes
669,LPD 62,Analogue,	434.60000,	434.60000,12.5,,,,,,,,None,62.5,Disabled,Master,No,No,No,120,Off,No,No,None,0,0,Yes
670,LPD 63,Analogue,	434.62500,	434.62500,12.5,,,,,,,,None,62.5,Disabled,Master,No,No,No,120,Off,No,No,None,0,0,Yes
671,LPD 64,Analogue,	434.65000,	434.65000,12.5,,,,,,,,None,62.5,Disabled,Master,No,No,No,120,Off,No,No,None,0,0,Yes
672,LPD 65,Analogue,	434.67500,	434.67500,12.5,,,,,,,,None,62.5,Disabled,Master,No,No,No,120,Off,No,No,None,0,0,Yes
673,LPD 66,Analogue,	434.70000,	434.70000,12.5,,,,,,,,None,62.5,Disabled,Master,No,No,No,120,Off,No,No,None,0,0,Yes
674,LPD 67,Analogue,	434.72500,	434.72500,12.5,,,,,,,,None,62.5,Disabled,Master,No,No,No,120,Off,No,No,None,0,0,Yes
675,LPD 68,Analogue,	434.75000,	434.75000,12.5,,,,,,,,None,62.5,Disabled,Master,No,No,No,120,Off,No,No,None,0,0,Yes
676,LPD 69,Analogue,	434.77500,	434.77500,12.5,,,,,,,,None,62.5,Disabled,Master,No,No,No,120,Off,No,No,None,0,0,Yes
677,Jakt-01,Analogue,	155.42500,	155.42500,25,,,,,,,,None,None,Disabled,Master,No,No,No,120,Off,No,No,None,0,0,Yes
678,Jakt-02,Analogue,	155.47500,	155.47500,25,,,,,,,,None,None,Disabled,Master,No,No,No,120,Off,No,No,None,0,0,Yes
679,Jakt-03,Analogue,	155.50000,	155.50000,25,,,,,,,,None,None,Disabled,Master,No,No,No,120,Off,No,No,None,0,0,Yes
680,Jakt-04,Analogue,	155.52500,	155.52500,25,,,,,,,,None,None,Disabled,Master,No,No,No,120,Off,No,No,None,0,0,Yes
681,Jakt-05,Analogue,	156.00000,	156.00000,25,,,,,,,,None,None,Disabled,Master,No,No,No,120,Off,No,No,None,0,0,Yes
682,Jakt-06,Analogue,	155.40000,	155.40000,25,,,,,,,,None,None,Disabled,Master,No,No,No,120,Off,No,No,None,0,0,Yes
683,Jakt-07,Analogue,	155.45000,	155.45000,25,,,,,,,,None,None,Disabled,Master,No,No,No,120,Off,No,No,None,0,0,Yes
684,Marin-VHF 01,Analogue,	160.65000,	156.05000,12.5,,,,,,,,None,None,Disabled,Master,No,No,No,120,Off,No,No,None,0,0,Yes
685,Marin-VHF 02,Analogue,	160.70000,	156.70000,12.5,,,,,,,,None,None,Disabled,Master,No,No,No,120,Off,No,No,None,0,0,Yes
686,Marin-VHF 03,Analogue,	160.75000,	156.15000,12.5,,,,,,,,None,None,Disabled,Master,No,No,No,120,Off,No,No,None,0,0,Yes
687,Marin-VHF 04,Analogue,	160.80000,	156.20000,12.5,,,,,,,,None,None,Disabled,Master,No,No,No,120,Off,No,No,None,0,0,Yes
688,Marin-VHF 05,Analogue,	160.85000,	156.25000,12.5,,,,,,,,None,None,Disabled,Master,No,No,No,120,Off,No,No,None,0,0,Yes
689,Marin-VHF 06,Analogue,	156.30000,	156.30000,12.5,,,,,,,,None,None,Disabled,Master,No,No,No,120,Off,No,No,None,0,0,Yes
690,Marin-VHF 07,Analogue,	160.95000,	156.35000,12.5,,,,,,,,None,None,Disabled,Master,No,No,No,120,Off,No,No,None,0,0,Yes
691,Marin-VHF 08,Analogue,	156.40000,	156.40000,12.5,,,,,,,,None,None,Disabled,Master,No,No,No,120,Off,No,No,None,0,0,Yes
692,Marin-VHF 09,Analogue,	156.45000,	156.45000,12.5,,,,,,,,None,None,Disabled,Master,No,No,No,120,Off,No,No,None,0,0,Yes
693,Marin-VHF 10,Analogue,	156.50000,	156.50000,12.5,,,,,,,,None,None,Disabled,Master,No,No,No,120,Off,No,No,None,0,0,Yes
694,Marin-VHF 11,Analogue,	156.55000,	156.55000,12.5,,,,,,,,None,None,Disabled,Master,No,No,No,120,Off,No,No,None,0,0,Yes
695,Marin-VHF 12,Analogue,	156.60000,	156.60000,12.5,,,,,,,,None,None,Disabled,Master,No,No,No,120,Off,No,No,None,0,0,Yes
696,Marin-VHF 13,Analogue,	156.65000,	156.65000,12.5,,,,,,,,None,None,Disabled,Master,No,No,No,120,Off,No,No,None,0,0,Yes
697,Marin-VHF 14,Analogue,	156.70000,	156.70000,12.5,,,,,,,,None,None,Disabled,Master,No,No,No,120,Off,No,No,None,0,0,Yes
698,Marin-VHF 15,Analogue,	156.75000,	156.75000,12.5,,,,,,,,None,None,Disabled,Master,No,No,No,120,Off,No,No,None,0,0,Yes
699,Marin-VHF 16,Analogue,	156.80000,	156.80000,12.5,,,,,,,,None,None,Disabled,Master,No,No,No,120,Off,No,No,None,0,0,Yes
700,Marin-VHF 17,Analogue,	156.85000,	156.86000,12.5,,,,,,,,None,None,Disabled,Master,No,No,No,120,Off,No,No,None,0,0,Yes
701,Marin-VHF 18,Analogue,	161.50000,	156.90000,12.5,,,,,,,,None,None,Disabled,Master,No,No,No,120,Off,No,No,None,0,0,Yes
702,Marin-VHF 19,Analogue,	161.55000,	156.95000,12.5,,,,,,,,None,None,Disabled,Master,No,No,No,120,Off,No,No,None,0,0,Yes
703,Marin-VHF 20,Analogue,	161.60000,	157.00000,12.5,,,,,,,,None,None,Disabled,Master,No,No,No,120,Off,No,No,None,0,0,Yes
704,Marin-VHF 21,Analogue,	161.65000,	157.05000,12.5,,,,,,,,None,None,Disabled,Master,No,No,No,120,Off,No,No,None,0,0,Yes
705,Marin-VHF 22,Analogue,	161.70000,	157.10000,12.5,,,,,,,,None,None,Disabled,Master,No,No,No,120,Off,No,No,None,0,0,Yes
706,Marin-VHF 23,Analogue,	161.75000,	157.15000,12.5,,,,,,,,None,None,Disabled,Master,No,No,No,120,Off,No,No,None,0,0,Yes
707,Marin-VHF 24,Analogue,	161.80000,	157.20000,12.5,,,,,,,,None,None,Disabled,Master,No,No,No,120,Off,No,No,None,0,0,Yes
708,Marin-VHF 25,Analogue,	161.85000,	157.25000,12.5,,,,,,,,None,None,Disabled,Master,No,No,No,120,Off,No,No,None,0,0,Yes
709,Marin-VHF 26,Analogue,	161.90000,	157.30000,12.5,,,,,,,,None,None,Disabled,Master,No,No,No,120,Off,No,No,None,0,0,Yes
710,Marin-VHF 27,Analogue,	161.95000,	157.35000,12.5,,,,,,,,None,None,Disabled,Master,No,No,No,120,Off,No,No,None,0,0,Yes
711,Marin-VHF 28,Analogue,	162.00000,	157.40000,12.5,,,,,,,,None,None,Disabled,Master,No,No,No,120,Off,No,No,None,0,0,Yes
712,Marin-VHF 60,Analogue,	160.62500,	156.02500,12.5,,,,,,,,None,None,Disabled,Master,No,No,No,120,Off,No,No,None,0,0,Yes
713,Marin-VHF 61,Analogue,	160.67500,	156.07500,12.5,,,,,,,,None,None,Disabled,Master,No,No,No,120,Off,No,No,None,0,0,Yes
714,Marin-VHF 62,Analogue,	160.72500,	156.12500,12.5,,,,,,,,None,None,Disabled,Master,No,No,No,120,Off,No,No,None,0,0,Yes
715,Marin-VHF 63,Analogue,	160.77500,	156.17500,12.5,,,,,,,,None,None,Disabled,Master,No,No,No,120,Off,No,No,None,0,0,Yes
716,Marin-VHF 64,Analogue,	160.82500,	156.22500,12.5,,,,,,,,None,None,Disabled,Master,No,No,No,120,Off,No,No,None,0,0,Yes
717,Marin-VHF 65,Analogue,	160.87500,	156.27500,12.5,,,,,,,,None,None,Disabled,Master,No,No,No,120,Off,No,No,None,0,0,Yes
718,Marin-VHF 66,Analogue,	160.92500,	156.32500,12.5,,,,,,,,None,None,Disabled,Master,No,No,No,120,Off,No,No,None,0,0,Yes
719,Marin-VHF 67,Analogue,	156.37500,	156.37500,12.5,,,,,,,,None,None,Disabled,Master,No,No,No,120,Off,No,No,None,0,0,Yes
720,Marin-VHF 68,Analogue,	156.42500,	156.42500,12.5,,,,,,,,None,None,Disabled,Master,No,No,No,120,Off,No,No,None,0,0,Yes
721,Marin-VHF 69,Analogue,	156.47500,	156.47500,12.5,,,,,,,,None,None,Disabled,Master,No,No,No,120,Off,No,No,None,0,0,Yes
722,Marin-VHF 70,Analogue,	156.52500,	156.52500,12.5,,,,,,,,None,None,Disabled,Master,No,No,No,120,Off,No,No,None,0,0,Yes
723,Marin-VHF 71,Analogue,	156.57500,	156.57500,12.5,,,,,,,,None,None,Disabled,Master,No,No,No,120,Off,No,No,None,0,0,Yes
724,Marin-VHF 72,Analogue,	156.62500,	156.62500,12.5,,,,,,,,None,None,Disabled,Master,No,No,No,120,Off,No,No,None,0,0,Yes
725,Marin-VHF 73,Analogue,	156.67500,	156.67500,12.5,,,,,,,,None,None,Disabled,Master,No,No,No,120,Off,No,No,None,0,0,Yes
726,Marin-VHF 74,Analogue,	156.72500,	156.72500,12.5,,,,,,,,None,None,Disabled,Master,No,No,No,120,Off,No,No,None,0,0,Yes
727,Marin-VHF 75,Analogue,	156.77500,	156.77500,12.5,,,,,,,,None,None,Disabled,Master,No,No,No,120,Off,No,No,None,0,0,Yes
728,Marin-VHF 76,Analogue,	156.82500,	156.82500,12.5,,,,,,,,None,None,Disabled,Master,No,No,No,120,Off,No,No,None,0,0,Yes
729,Marin-VHF 77,Analogue,	156.87500,	156.87500,12.5,,,,,,,,None,None,Disabled,Master,No,No,No,120,Off,No,No,None,0,0,Yes
730,Marin-VHF 78,Analogue,	161.52500,	156.92500,12.5,,,,,,,,None,None,Disabled,Master,No,No,No,120,Off,No,No,None,0,0,Yes
731,Marin-VHF 79,Analogue,	161.75700,	160.97500,12.5,,,,,,,,None,None,Disabled,Master,No,No,No,120,Off,No,No,None,0,0,Yes
732,Marin-VHF 80,Analogue,	161.62500,	157.02500,12.5,,,,,,,,None,None,Disabled,Master,No,No,No,120,Off,No,No,None,0,0,Yes
733,Marin-VHF 81,Analogue,	161.67500,	157.07500,12.5,,,,,,,,None,None,Disabled,Master,No,No,No,120,Off,No,No,None,0,0,Yes
734,Marin-VHF 82,Analogue,	161.72500,	157.12500,12.5,,,,,,,,None,None,Disabled,Master,No,No,No,120,Off,No,No,None,0,0,Yes
735,Marin-VHF 83,Analogue,	161.77500,	157.17500,12.5,,,,,,,,None,None,Disabled,Master,No,No,No,120,Off,No,No,None,0,0,Yes
736,Marin-VHF 84,Analogue,	156.67500,	156.67500,12.5,,,,,,,,None,None,Disabled,Master,No,No,No,120,Off,No,No,None,0,0,Yes
737,Marin-VHF 85,Analogue,	161.87500,	157.27500,12.5,,,,,,,,None,None,Disabled,Master,No,No,No,120,Off,No,No,None,0,0,Yes
738,Marin-VHF 86,Analogue,	161.92500,	157.32500,12.5,,,,,,,,None,None,Disabled,Master,No,No,No,120,Off,No,No,None,0,0,Yes
739,Marin-VHF 87,Analogue,	161.97500,	157.37500,12.5,,,,,,,,None,None,Disabled,Master,No,No,No,120,Off,No,No,None,0,0,Yes
740,Marin-VHF 88,Analogue,	162.02500,	157.42500,12.5,,,,,,,,None,None,Disabled,Master,No,No,No,120,Off,No,No,None,0,0,Yes
741,Marin-VHF L1,Analogue,	155.50000,	155.50000,12.5,,,,,,,,None,None,Disabled,Master,No,No,No,120,Off,No,No,None,0,0,Yes
742,Marin-VHF L2,Analogue,	155.52500,	155.52500,12.5,,,,,,,,None,None,Disabled,Master,No,No,No,120,Off,No,No,None,0,0,Yes
743,Marin-VHF F1,Analogue,	155.62500,	155.62500,12.5,,,,,,,,None,None,Disabled,Master,No,No,No,120,Off,No,No,None,0,0,Yes
744,Marin-VHF F2,Analogue,	155.77500,	155.77500,12.5,,,,,,,,None,None,Disabled,Master,No,No,No,120,Off,No,No,None,0,0,Yes
745,Marin-VHF F3,Analogue,	155.82500,	155.82500,12.5,,,,,,,,None,None,Disabled,Master,No,No,No,120,Off,No,No,None,0,0,Yes
746,Oresundslinjen 1,Analogue,	409.50000,	409.50000,12.5,,,,,,,,None,None,Disabled,Master,No,No,No,120,Off,No,No,None,0,0,Yes
747,Oresundslinjen 2,Analogue,	409.25000,	409.25000,12.5,,,,,,,,None,None,Disabled,Master,No,No,No,120,Off,No,No,None,0,0,Yes
748,Oresundslinjen 3,Analogue,	440.02500,	440.02500,12.5,,,,,,,,None,None,Disabled,Master,No,No,No,120,Off,No,No,None,0,0,Yes
749,Oresundslinjen 4,Analogue,	440.60000,	440.60000,12.5,,,,,,,,None,None,Disabled,Master,No,No,No,120,Off,No,No,None,0,0,Yes
750,Oresundslinjen 5,Analogue,	460.45000,	450.45000,12.5,,,,,,,,146.2,146.2,Disabled,Master,No,No,No,120,Off,No,No,None,0,0,Yes
751,Oresundslinjen 6,Analogue,	468.37500,	458.37500,12.5,,,,,,,,171.3,171.3,Disabled,Master,No,No,No,120,Off,No,No,None,0,0,Yes
752,Akureyri V,Analogue,	145.62500,	145.02500,12.5,,,,,,,,None,None,Disabled,Master,No,No,No,120,Off,No,No,None,65.7302,-18.0072,Yes
753,Bruaras V,Analogue,	145.75000,	145.15000,12.5,,,,,,,,88.5,88.5,Disabled,Master,No,No,No,120,Off,No,No,None,64.4857,-22.1238,Yes
754,Burfell V,Analogue,	145.70000,	145.10000,12.5,,,,,,,,None,None,Disabled,Master,No,No,No,120,Off,No,No,None,64.075,-19.8219,Yes
755,Reykjavik 1 V,Analogue,	145.60000,	145.00000,12.5,,,,,,,,None,None,Disabled,Master,No,No,No,120,Off,No,No,None,64.2388,-21.4647,Yes
756,Reykjavik 2 V,Analogue,	145.65000,	145.05000,12.5,,,,,,,,88.5,88.5,Disabled,Master,No,No,No,120,Off,No,No,None,63.9763,-21.635,Yes
757,Thrandarhlidha V,Analogue,	145.77500,	145.17500,12.5,,,,,,,,88.5,88.5,Disabled,Master,No,No,No,120,Off,No,No,None,0,0,Yes
758,Svalbard V,Analogue,	145.60000,	145.00000,12.5,,,,,,,,91.5,91.5,Disabled,Master,No,No,No,120,Off,No,No,None,78.125,16.5833,Yes
